Phytochemical,Plant,CID,SMILES,Database,Target_Name,Gene_Symbol,UniProt_ID,ChEMBL_ID,Target_Class,Target_Key,Probability,P_Value,Max_Tc,Rank
(+)-Bornyl acetate,Abies alba,6950274,CC(=O)OC1CC2CCC1(C)C2(C)C,PPB3,HL-60,,,,DNN(ECFP4+MHFP6),Homo sapiens,0.12,,,1
(+)-Bornyl acetate,Abies alba,6950274,CC(=O)OC1CC2CCC1(C)C2(C)C,PPB3,Solute carrier organic anion transporter family member 1B1,,,,DNN(ECFP4+MHFP6),Homo sapiens,0.11,,,2
(+)-Bornyl acetate,Abies alba,6950274,CC(=O)OC1CC2CCC1(C)C2(C)C,PPB3,Solute carrier organic anion transporter family member 1B3,,,,DNN(ECFP4+MHFP6),Homo sapiens,0.08,,,3
(+)-Bornyl acetate,Abies alba,6950274,CC(=O)OC1CC2CCC1(C)C2(C)C,PPB3,Prelamin-A/C,,,,DNN(ECFP4+MHFP6),Homo sapiens,0.04,,,4
(+)-Bornyl acetate,Abies alba,6950274,CC(=O)OC1CC2CCC1(C)C2(C)C,PPB3,Aldehyde dehydrogenase 1A1,,,,DNN(ECFP4+MHFP6),Homo sapiens,0.01,,,5
(+)-Bornyl acetate,Abies alba,6950274,CC(=O)OC1CC2CCC1(C)C2(C)C,PPB3,DNA polymerase beta,,,,DNN(ECFP4+MHFP6),Homo sapiens,0.0,,,6
(+)-Bornyl acetate,Abies alba,6950274,CC(=O)OC1CC2CCC1(C)C2(C)C,PPB3,Microtubule-associated protein tau,,,,DNN(ECFP4+MHFP6),Homo sapiens,0.0,,,7
(+)-Bornyl acetate,Abies alba,6950274,CC(=O)OC1CC2CCC1(C)C2(C)C,PPB3,NAD-dependent protein deacetylase sirtuin-6,,,,DNN(ECFP4+MHFP6),Homo sapiens,0.0,,,8
(+)-Bornyl acetate,Abies alba,6950274,CC(=O)OC1CC2CCC1(C)C2(C)C,PPB3,Menin/Histone-lysine N-methyltransferase MLL,,,,DNN(ECFP4+MHFP6),Homo sapiens,0.0,,,9
(+)-Bornyl acetate,Abies alba,6950274,CC(=O)OC1CC2CCC1(C)C2(C)C,PPB3,Heat shock protein HSP 90-alpha,,,,DNN(ECFP4+MHFP6),Homo sapiens,0.0,,,10
(+)-Bornyl acetate,Abies alba,6950274,CC(=O)OC1CC2CCC1(C)C2(C)C,PPB3,SW872,,,,DNN(ECFP4+MHFP6),Homo sapiens,0.0,,,11
(+)-Bornyl acetate,Abies alba,6950274,CC(=O)OC1CC2CCC1(C)C2(C)C,PPB3,C8166,,,,DNN(ECFP4+MHFP6),Homo sapiens,0.0,,,12
(+)-Bornyl acetate,Abies alba,6950274,CC(=O)OC1CC2CCC1(C)C2(C)C,PPB3,A2780,,,,DNN(ECFP4),Homo sapiens,0.27,,,13
(+)-Bornyl acetate,Abies alba,6950274,CC(=O)OC1CC2CCC1(C)C2(C)C,PPB3,Prelamin-A/C,,,,DNN(ECFP4),Homo sapiens,0.19,,,14
(+)-Bornyl acetate,Abies alba,6950274,CC(=O)OC1CC2CCC1(C)C2(C)C,PPB3,Solute carrier organic anion transporter family member 1B3,,,,DNN(ECFP4),Homo sapiens,0.18,,,15
(+)-Bornyl acetate,Abies alba,6950274,CC(=O)OC1CC2CCC1(C)C2(C)C,PPB3,LoVo,,,,DNN(ECFP4),Homo sapiens,0.17,,,16
(+)-Bornyl acetate,Abies alba,6950274,CC(=O)OC1CC2CCC1(C)C2(C)C,PPB3,Cytochrome P450 2C19,,,,DNN(ECFP4),Homo sapiens,0.16,,,17
(+)-Bornyl acetate,Abies alba,6950274,CC(=O)OC1CC2CCC1(C)C2(C)C,PPB3,Solute carrier organic anion transporter family member 1B1,,,,DNN(ECFP4),Homo sapiens,0.16,,,18
(+)-Bornyl acetate,Abies alba,6950274,CC(=O)OC1CC2CCC1(C)C2(C)C,PPB3,MAP kinase ERK2,,,,DNN(ECFP4),Homo sapiens,0.16,,,19
(+)-Bornyl acetate,Abies alba,6950274,CC(=O)OC1CC2CCC1(C)C2(C)C,PPB3,5637,,,,DNN(ECFP4),Homo sapiens,0.13,,,20
(+)-Bornyl acetate,Abies alba,6950274,CC(=O)OC1CC2CCC1(C)C2(C)C,PPB3,KB,,,,DNN(ECFP4),Homo sapiens,0.11,,,21
(+)-Bornyl acetate,Abies alba,6950274,CC(=O)OC1CC2CCC1(C)C2(C)C,PPB3,NCI-H187,,,,DNN(ECFP4),Homo sapiens,0.11,,,22
(+)-Bornyl acetate,Abies alba,6950274,CC(=O)OC1CC2CCC1(C)C2(C)C,PPB3,Menin/Histone-lysine N-methyltransferase MLL,,,,DNN(ECFP4),Homo sapiens,0.11,,,23
(+)-Bornyl acetate,Abies alba,6950274,CC(=O)OC1CC2CCC1(C)C2(C)C,PPB3,Cytochrome P450 3A4,,,,DNN(ECFP4),Homo sapiens,0.11,,,24
(+)-Bornyl acetate,Abies alba,6950274,CC(=O)OC1CC2CCC1(C)C2(C)C,PPB3,Solute carrier organic anion transporter family member 1B3,,,,DNN(RDKit),Homo sapiens,0.09,,,25
(+)-Bornyl acetate,Abies alba,6950274,CC(=O)OC1CC2CCC1(C)C2(C)C,PPB3,Solute carrier organic anion transporter family member 1B1,,,,DNN(RDKit),Homo sapiens,0.09,,,26
(+)-Bornyl acetate,Abies alba,6950274,CC(=O)OC1CC2CCC1(C)C2(C)C,PPB3,Prelamin-A/C,,,,DNN(RDKit),Homo sapiens,0.07,,,27
(+)-Bornyl acetate,Abies alba,6950274,CC(=O)OC1CC2CCC1(C)C2(C)C,PPB3,Microtubule-associated protein tau,,,,DNN(RDKit),Homo sapiens,0.04,,,28
(+)-Bornyl acetate,Abies alba,6950274,CC(=O)OC1CC2CCC1(C)C2(C)C,PPB3,Bile acid transporter,,,,DNN(RDKit),Homo sapiens,0.04,,,29
(+)-Bornyl acetate,Abies alba,6950274,CC(=O)OC1CC2CCC1(C)C2(C)C,PPB3,H9,,,,DNN(RDKit),Homo sapiens,0.04,,,30
(+)-Bornyl acetate,Abies alba,6950274,CC(=O)OC1CC2CCC1(C)C2(C)C,PPB3,11-beta-hydroxysteroid dehydrogenase 2,,,,DNN(RDKit),Homo sapiens,0.04,,,31
(+)-Bornyl acetate,Abies alba,6950274,CC(=O)OC1CC2CCC1(C)C2(C)C,PPB3,Aldehyde dehydrogenase 1A1,,,,DNN(RDKit),Homo sapiens,0.04,,,32
(+)-Bornyl acetate,Abies alba,6950274,CC(=O)OC1CC2CCC1(C)C2(C)C,PPB3,G-protein coupled bile acid receptor 1,,,,DNN(RDKit),Homo sapiens,0.03,,,33
(+)-Bornyl acetate,Abies alba,6950274,CC(=O)OC1CC2CCC1(C)C2(C)C,PPB3,Survival motor neuron protein,,,,DNN(RDKit),Homo sapiens,0.03,,,34
(+)-Bornyl acetate,Abies alba,6950274,CC(=O)OC1CC2CCC1(C)C2(C)C,PPB3,HeLa,,,,DNN(RDKit),Homo sapiens,0.02,,,35
(+)-Bornyl acetate,Abies alba,6950274,CC(=O)OC1CC2CCC1(C)C2(C)C,PPB3,Solute carrier organic anion transporter family member 1B3,,,,DNN(Layered),Homo sapiens,0.15,,,36
(+)-Bornyl acetate,Abies alba,6950274,CC(=O)OC1CC2CCC1(C)C2(C)C,PPB3,Solute carrier organic anion transporter family member 1B1,,,,DNN(Layered),Homo sapiens,0.13,,,37
(+)-Bornyl acetate,Abies alba,6950274,CC(=O)OC1CC2CCC1(C)C2(C)C,PPB3,Ubiquitin carboxyl-terminal hydrolase 2,,,,DNN(Layered),Homo sapiens,0.1,,,38
(+)-Bornyl acetate,Abies alba,6950274,CC(=O)OC1CC2CCC1(C)C2(C)C,PPB3,Microtubule-associated protein tau,,,,DNN(Layered),Homo sapiens,0.07,,,39
(+)-Bornyl acetate,Abies alba,6950274,CC(=O)OC1CC2CCC1(C)C2(C)C,PPB3,Cytochrome P450 2C19,,,,DNN(Layered),Homo sapiens,0.07,,,40
(+)-Bornyl acetate,Abies alba,6950274,CC(=O)OC1CC2CCC1(C)C2(C)C,PPB3,Menin/Histone-lysine N-methyltransferase MLL,,,,DNN(Layered),Homo sapiens,0.06,,,41
(+)-Bornyl acetate,Abies alba,6950274,CC(=O)OC1CC2CCC1(C)C2(C)C,PPB3,Neuropeptide S receptor,,,,DNN(Layered),Homo sapiens,0.06,,,42
(+)-Bornyl acetate,Abies alba,6950274,CC(=O)OC1CC2CCC1(C)C2(C)C,PPB3,MAP kinase ERK2,,,,DNN(Layered),Homo sapiens,0.05,,,43
(+)-Bornyl acetate,Abies alba,6950274,CC(=O)OC1CC2CCC1(C)C2(C)C,PPB3,H9,,,,DNN(Layered),Homo sapiens,0.05,,,44
(+)-Bornyl acetate,Abies alba,6950274,CC(=O)OC1CC2CCC1(C)C2(C)C,PPB3,Thyroid stimulating hormone receptor,,,,DNN(Layered),Homo sapiens,0.05,,,45
(+)-Bornyl acetate,Abies alba,6950274,CC(=O)OC1CC2CCC1(C)C2(C)C,PPB3,Aldehyde dehydrogenase 1A1,,,,DNN(Layered),Homo sapiens,0.05,,,46
(+)-Bornyl acetate,Abies alba,6950274,CC(=O)OC1CC2CCC1(C)C2(C)C,PPB3,Prelamin-A/C,,,,DNN(Layered),Homo sapiens,0.05,,,47
(+)-Bornyl acetate,Abies alba,6950274,CC(=O)OC1CC2CCC1(C)C2(C)C,PPB3,Cytochrome P450 19A1,,,,DNN(MHFP6),Homo sapiens,0.08,,,48
(+)-Bornyl acetate,Abies alba,6950274,CC(=O)OC1CC2CCC1(C)C2(C)C,PPB3,Solute carrier organic anion transporter family member 1B3,,,,DNN(MHFP6),Homo sapiens,0.03,,,49
(+)-Bornyl acetate,Abies alba,6950274,CC(=O)OC1CC2CCC1(C)C2(C)C,PPB3,Tyrosyl-DNA phosphodiesterase 1,,,,DNN(MHFP6),Homo sapiens,0.02,,,50
(+)-Bornyl acetate,Abies alba,6950274,CC(=O)OC1CC2CCC1(C)C2(C)C,PPB3,Solute carrier organic anion transporter family member 1B1,,,,DNN(MHFP6),Homo sapiens,0.02,,,51
(+)-Bornyl acetate,Abies alba,6950274,CC(=O)OC1CC2CCC1(C)C2(C)C,PPB3,HUVEC,,,,DNN(MHFP6),Homo sapiens,0.02,,,52
(+)-Bornyl acetate,Abies alba,6950274,CC(=O)OC1CC2CCC1(C)C2(C)C,PPB3,Cannabinoid CB2 receptor,,,,DNN(MHFP6),Homo sapiens,0.02,,,53
(+)-Bornyl acetate,Abies alba,6950274,CC(=O)OC1CC2CCC1(C)C2(C)C,PPB3,Solute carrier organic anion transporter family member 1B3,,,,DNN(ECFP6),Homo sapiens,0.82,,,54
(+)-Bornyl acetate,Abies alba,6950274,CC(=O)OC1CC2CCC1(C)C2(C)C,PPB3,Solute carrier organic anion transporter family member 1B1,,,,DNN(ECFP6),Homo sapiens,0.77,,,55
(+)-Bornyl acetate,Abies alba,6950274,CC(=O)OC1CC2CCC1(C)C2(C)C,PPB3,Survival motor neuron protein,,,,DNN(ECFP6),Homo sapiens,0.06,,,56
(+)-Bornyl acetate,Abies alba,6950274,CC(=O)OC1CC2CCC1(C)C2(C)C,PPB3,Prelamin-A/C,,,,DNN(ECFP6),Homo sapiens,0.04,,,57
(+)-Bornyl acetate,Abies alba,6950274,CC(=O)OC1CC2CCC1(C)C2(C)C,PPB3,Menin/Histone-lysine N-methyltransferase MLL,,,,DNN(ECFP6),Homo sapiens,0.04,,,58
(+)-Bornyl acetate,Abies alba,6950274,CC(=O)OC1CC2CCC1(C)C2(C)C,PPB3,Huntingtin,,,,DNN(ECFP6),Homo sapiens,0.03,,,59
(+)-Bornyl acetate,Abies alba,6950274,CC(=O)OC1CC2CCC1(C)C2(C)C,PPB3,Thyroid hormone receptor beta-1,,,,DNN(ECFP6),Homo sapiens,0.03,,,60
(+)-Bornyl acetate,Abies alba,6950274,CC(=O)OC1CC2CCC1(C)C2(C)C,PPB3,Neuropeptide S receptor,,,,DNN(ECFP6),Homo sapiens,0.03,,,61
(+)-Bornyl acetate,Abies alba,6950274,CC(=O)OC1CC2CCC1(C)C2(C)C,PPB3,Microtubule-associated protein tau,,,,DNN(ECFP6),Homo sapiens,0.03,,,62
(+)-Bornyl acetate,Abies alba,6950274,CC(=O)OC1CC2CCC1(C)C2(C)C,PPB3,Bloom syndrome protein,,,,DNN(ECFP6),Homo sapiens,0.03,,,63
(+)-Bornyl acetate,Abies alba,6950274,CC(=O)OC1CC2CCC1(C)C2(C)C,PPB3,Nuclear factor NF-kappa-B p105 subunit,,,,DNN(ECFP6),Homo sapiens,0.02,,,64
(+)-Bornyl acetate,Abies alba,6950274,CC(=O)OC1CC2CCC1(C)C2(C)C,PPB3,Solute carrier organic anion transporter family member 1B1,,,,DNN(AtomPair),Homo sapiens,0.35,,,65
(+)-Bornyl acetate,Abies alba,6950274,CC(=O)OC1CC2CCC1(C)C2(C)C,PPB3,Solute carrier organic anion transporter family member 1B3,,,,DNN(AtomPair),Homo sapiens,0.31,,,66
(+)-Bornyl acetate,Abies alba,6950274,CC(=O)OC1CC2CCC1(C)C2(C)C,PPB3,Nuclear factor NF-kappa-B p105 subunit,,,,DNN(AtomPair),Homo sapiens,0.17,,,67
(+)-Bornyl acetate,Abies alba,6950274,CC(=O)OC1CC2CCC1(C)C2(C)C,PPB3,Thrombopoietin,,,,DNN(AtomPair),Homo sapiens,0.1,,,68
(+)-Bornyl acetate,Abies alba,6950274,CC(=O)OC1CC2CCC1(C)C2(C)C,PPB3,Carboxylesterase 2,,,,DNN(AtomPair),Homo sapiens,0.06,,,69
(+)-Bornyl acetate,Abies alba,6950274,CC(=O)OC1CC2CCC1(C)C2(C)C,PPB3,Prelamin-A/C,,,,DNN(AtomPair),Homo sapiens,0.05,,,70
(+)-Bornyl acetate,Abies alba,6950274,CC(=O)OC1CC2CCC1(C)C2(C)C,PPB3,Glycine receptor subunit alpha-1,,,,DNN(AtomPair),Homo sapiens,0.04,,,71
(+)-Bornyl acetate,Abies alba,6950274,CC(=O)OC1CC2CCC1(C)C2(C)C,PPB3,Serotonin 7 (5-HT7) receptor,,,,DNN(AtomPair),Homo sapiens,0.03,,,72
(+)-Bornyl acetate,Abies alba,6950274,CC(=O)OC1CC2CCC1(C)C2(C)C,PPB3,Aldehyde dehydrogenase 1A1,,,,DNN(AtomPair),Homo sapiens,0.03,,,73
(+)-Bornyl acetate,Abies alba,6950274,CC(=O)OC1CC2CCC1(C)C2(C)C,PPB3,Solute carrier organic anion transporter family member 1B3,,,,Consensus,Homo sapiens,0.82,,,74
(+)-Bornyl acetate,Abies alba,6950274,CC(=O)OC1CC2CCC1(C)C2(C)C,PPB3,Solute carrier organic anion transporter family member 1B1,,,,Consensus,Homo sapiens,0.77,,,75
(+)-Bornyl acetate,Abies alba,6950274,CC(=O)OC1CC2CCC1(C)C2(C)C,PPB3,A2780,,,,Consensus,Homo sapiens,0.27,,,76
(+)-Bornyl acetate,Abies alba,6950274,CC(=O)OC1CC2CCC1(C)C2(C)C,PPB3,Prelamin-A/C,,,,Consensus,Homo sapiens,0.19,,,77
(+)-Bornyl acetate,Abies alba,6950274,CC(=O)OC1CC2CCC1(C)C2(C)C,PPB3,LoVo,,,,Consensus,Homo sapiens,0.17,,,78
(+)-Bornyl acetate,Abies alba,6950274,CC(=O)OC1CC2CCC1(C)C2(C)C,PPB3,Nuclear factor NF-kappa-B p105 subunit,,,,Consensus,Homo sapiens,0.17,,,79
(+)-Bornyl acetate,Abies alba,6950274,CC(=O)OC1CC2CCC1(C)C2(C)C,PPB3,Cytochrome P450 2C19,,,,Consensus,Homo sapiens,0.16,,,80
(+)-Bornyl acetate,Abies alba,6950274,CC(=O)OC1CC2CCC1(C)C2(C)C,PPB3,MAP kinase ERK2,,,,Consensus,Homo sapiens,0.16,,,81
(+)-Bornyl acetate,Abies alba,6950274,CC(=O)OC1CC2CCC1(C)C2(C)C,SEA,TAS2R31,,T2R31_HUMAN,,Taste receptor type 2 member 31,T2R31_HUMAN,,4.441e-16,0.31,1
(+)-Bornyl acetate,Abies alba,6950274,CC(=O)OC1CC2CCC1(C)C2(C)C,SEA,TRPM2,,TRPM2_HUMAN,,Transient receptor potential cation channel subfamily M member 2,TRPM2_HUMAN,,4.251e-12,0.30,2
(+)-Bornyl acetate,Abies alba,6950274,CC(=O)OC1CC2CCC1(C)C2(C)C,SEA,CPB2,,CBPB2_HUMAN,,Carboxypeptidase B2,CBPB2_HUMAN,,6.959e-08,0.39,3
(+)-Bornyl acetate,Abies alba,6950274,CC(=O)OC1CC2CCC1(C)C2(C)C,SwissTargetPrediction,Acetylcholinesterase,ACHE,P22303,CHEMBL220,Hydrolase,P22303,0.123286593176,,,1
(+)-Bornyl acetate,Abies alba,6950274,CC(=O)OC1CC2CCC1(C)C2(C)C,SwissTargetPrediction,Vitamin D receptor,VDR,P11473,CHEMBL1977,Nuclear receptor,P11473,0.0926446451291,,,2
(+)-Bornyl acetate,Abies alba,6950274,CC(=O)OC1CC2CCC1(C)C2(C)C,SwissTargetPrediction,Dual specificity phosphatase Cdc25A,CDC25A,P30304,CHEMBL3775,Phosphatase,P30304,0.0517133123472,,,3
(+)-Bornyl acetate,Abies alba,6950274,CC(=O)OC1CC2CCC1(C)C2(C)C,SwissTargetPrediction,Protein-tyrosine phosphatase 1B,PTPN1,P18031,CHEMBL335,Phosphatase,P18031,0.0414702990123,,,4
(+)-Bornyl acetate,Abies alba,6950274,CC(=O)OC1CC2CCC1(C)C2(C)C,SwissTargetPrediction,HMG-CoA reductase,HMGCR,P04035,CHEMBL402,Oxidoreductase,P04035,0.0312265582077,,,5
(+)-Bornyl acetate,Abies alba,6950274,CC(=O)OC1CC2CCC1(C)C2(C)C,SwissTargetPrediction,Cytochrome P450 19A1,CYP19A1,P11511,CHEMBL1978,Cytochrome P450,P11511,0.0312265582077,,,6
(+)-Bornyl acetate,Abies alba,6950274,CC(=O)OC1CC2CCC1(C)C2(C)C,SwissTargetPrediction,UDP-glucuronosyltransferase 2B7,UGT2B7,P16662,CHEMBL4370,Enzyme,P16662,0.0312265582077,,,7
(+)-Bornyl acetate,Abies alba,6950274,CC(=O)OC1CC2CCC1(C)C2(C)C,SwissTargetPrediction,Thromboxane-A synthase,TBXAS1,P24557,CHEMBL1835,Cytochrome P450,P24557,0.0312265582077,,,8
(+)-Bornyl acetate,Abies alba,6950274,CC(=O)OC1CC2CCC1(C)C2(C)C,SwissTargetPrediction,Cytochrome P450 11B1,CYP11B1,P15538,CHEMBL1908,Cytochrome P450,P15538,0.0312265582077,,,9
(+)-Bornyl acetate,Abies alba,6950274,CC(=O)OC1CC2CCC1(C)C2(C)C,SwissTargetPrediction,Cytochrome P450 11B2,CYP11B2,P19099,CHEMBL2722,Cytochrome P450,P19099,0.0312265582077,,,10
(+)-Bornyl acetate,Abies alba,6950274,CC(=O)OC1CC2CCC1(C)C2(C)C,SwissTargetPrediction,DNA polymerase alpha subunit,POLA1,P09884,CHEMBL1828,Transferase,P09884,0.0312265582077,,,11
(+)-Bornyl acetate,Abies alba,6950274,CC(=O)OC1CC2CCC1(C)C2(C)C,SwissTargetPrediction,11-beta-hydroxysteroid dehydrogenase 1,HSD11B1,P28845,CHEMBL4235,Enzyme,P28845,0.0312265582077,,,12
(+)-Bornyl acetate,Abies alba,6950274,CC(=O)OC1CC2CCC1(C)C2(C)C,SwissTargetPrediction,Alpha-2a adrenergic receptor,ADRA2A,P08913,CHEMBL1867,Family A G protein-coupled receptor,P08913,0.0312265582077,,,13
(+)-Bornyl acetate,Abies alba,6950274,CC(=O)OC1CC2CCC1(C)C2(C)C,SwissTargetPrediction,Adrenergic receptor alpha-2,ADRA2C,P18825,CHEMBL1916,Family A G protein-coupled receptor,P18825,0.0312265582077,,,14
(+)-Bornyl acetate,Abies alba,6950274,CC(=O)OC1CC2CCC1(C)C2(C)C,SwissTargetPrediction,Alpha-2b adrenergic receptor,ADRA2B,P18089,CHEMBL1942,Family A G protein-coupled receptor,P18089,0.0312265582077,,,15
4-Hydroxycinnamic acid,Abrus precatorius,637542,OC(=O)/C=C/c1ccc(cc1)O,PPB3,Carbonic anhydrase VII,,,,DNN(ECFP4+MHFP6),Homo sapiens,1.0,,,1
4-Hydroxycinnamic acid,Abrus precatorius,637542,OC(=O)/C=C/c1ccc(cc1)O,PPB3,Carbonic anhydrase XIV,,,,DNN(ECFP4+MHFP6),Homo sapiens,0.99,,,2
4-Hydroxycinnamic acid,Abrus precatorius,637542,OC(=O)/C=C/c1ccc(cc1)O,PPB3,Carbonic anhydrase VI,,,,DNN(ECFP4+MHFP6),Homo sapiens,0.96,,,3
4-Hydroxycinnamic acid,Abrus precatorius,637542,OC(=O)/C=C/c1ccc(cc1)O,PPB3,Carbonic anhydrase VA,,,,DNN(ECFP4+MHFP6),Homo sapiens,0.96,,,4
4-Hydroxycinnamic acid,Abrus precatorius,637542,OC(=O)/C=C/c1ccc(cc1)O,PPB3,Carbonic anhydrase IX,,,,DNN(ECFP4+MHFP6),Homo sapiens,0.95,,,5
4-Hydroxycinnamic acid,Abrus precatorius,637542,OC(=O)/C=C/c1ccc(cc1)O,PPB3,Carbonic anhydrase IV,,,,DNN(ECFP4+MHFP6),Homo sapiens,0.94,,,6
4-Hydroxycinnamic acid,Abrus precatorius,637542,OC(=O)/C=C/c1ccc(cc1)O,PPB3,Carbonic anhydrase XII,,,,DNN(ECFP4+MHFP6),Homo sapiens,0.93,,,7
4-Hydroxycinnamic acid,Abrus precatorius,637542,OC(=O)/C=C/c1ccc(cc1)O,PPB3,Carbonic anhydrase III,,,,DNN(ECFP4+MHFP6),Homo sapiens,0.91,,,8
4-Hydroxycinnamic acid,Abrus precatorius,637542,OC(=O)/C=C/c1ccc(cc1)O,PPB3,Carbonic anhydrase I,,,,DNN(ECFP4+MHFP6),Homo sapiens,0.9,,,9
4-Hydroxycinnamic acid,Abrus precatorius,637542,OC(=O)/C=C/c1ccc(cc1)O,PPB3,Carbonic anhydrase II,,,,DNN(ECFP4+MHFP6),Homo sapiens,0.9,,,10
4-Hydroxycinnamic acid,Abrus precatorius,637542,OC(=O)/C=C/c1ccc(cc1)O,PPB3,Tyrosinase,,,,DNN(ECFP4+MHFP6),Homo sapiens,0.88,,,11
4-Hydroxycinnamic acid,Abrus precatorius,637542,OC(=O)/C=C/c1ccc(cc1)O,PPB3,Carbonic anhydrase VB,,,,DNN(ECFP4+MHFP6),Homo sapiens,0.78,,,12
4-Hydroxycinnamic acid,Abrus precatorius,637542,OC(=O)/C=C/c1ccc(cc1)O,PPB3,Aldose reductase,,,,DNN(ECFP4+MHFP6),Homo sapiens,0.74,,,13
4-Hydroxycinnamic acid,Abrus precatorius,637542,OC(=O)/C=C/c1ccc(cc1)O,PPB3,Carbonic anhydrase XIV,,,,DNN(ECFP4),Homo sapiens,0.97,,,14
4-Hydroxycinnamic acid,Abrus precatorius,637542,OC(=O)/C=C/c1ccc(cc1)O,PPB3,Carbonic anhydrase VII,,,,DNN(ECFP4),Homo sapiens,0.94,,,15
4-Hydroxycinnamic acid,Abrus precatorius,637542,OC(=O)/C=C/c1ccc(cc1)O,PPB3,Carbonic anhydrase VI,,,,DNN(ECFP4),Homo sapiens,0.94,,,16
4-Hydroxycinnamic acid,Abrus precatorius,637542,OC(=O)/C=C/c1ccc(cc1)O,PPB3,Carbonic anhydrase VA,,,,DNN(ECFP4),Homo sapiens,0.94,,,17
4-Hydroxycinnamic acid,Abrus precatorius,637542,OC(=O)/C=C/c1ccc(cc1)O,PPB3,Carbonic anhydrase XII,,,,DNN(ECFP4),Homo sapiens,0.88,,,18
4-Hydroxycinnamic acid,Abrus precatorius,637542,OC(=O)/C=C/c1ccc(cc1)O,PPB3,Carbonic anhydrase IX,,,,DNN(ECFP4),Homo sapiens,0.85,,,19
4-Hydroxycinnamic acid,Abrus precatorius,637542,OC(=O)/C=C/c1ccc(cc1)O,PPB3,Solute carrier organic anion transporter family member 1B3,,,,DNN(ECFP4),Homo sapiens,0.85,,,20
4-Hydroxycinnamic acid,Abrus precatorius,637542,OC(=O)/C=C/c1ccc(cc1)O,PPB3,Solute carrier organic anion transporter family member 1B1,,,,DNN(ECFP4),Homo sapiens,0.84,,,21
4-Hydroxycinnamic acid,Abrus precatorius,637542,OC(=O)/C=C/c1ccc(cc1)O,PPB3,Carbonic anhydrase VB,,,,DNN(ECFP4),Homo sapiens,0.76,,,22
4-Hydroxycinnamic acid,Abrus precatorius,637542,OC(=O)/C=C/c1ccc(cc1)O,PPB3,Carbonic anhydrase IV,,,,DNN(ECFP4),Homo sapiens,0.75,,,23
4-Hydroxycinnamic acid,Abrus precatorius,637542,OC(=O)/C=C/c1ccc(cc1)O,PPB3,Carbonic anhydrase II,,,,DNN(ECFP4),Homo sapiens,0.74,,,24
4-Hydroxycinnamic acid,Abrus precatorius,637542,OC(=O)/C=C/c1ccc(cc1)O,PPB3,Carbonic anhydrase III,,,,DNN(ECFP4),Homo sapiens,0.66,,,25
4-Hydroxycinnamic acid,Abrus precatorius,637542,OC(=O)/C=C/c1ccc(cc1)O,PPB3,Estrogen receptor alpha,,,,DNN(ECFP4),Homo sapiens,0.63,,,26
4-Hydroxycinnamic acid,Abrus precatorius,637542,OC(=O)/C=C/c1ccc(cc1)O,PPB3,Carbonic anhydrase I,,,,DNN(ECFP4),Homo sapiens,0.62,,,27
4-Hydroxycinnamic acid,Abrus precatorius,637542,OC(=O)/C=C/c1ccc(cc1)O,PPB3,Carbonic anhydrase XIV,,,,DNN(RDKit),Homo sapiens,0.98,,,28
4-Hydroxycinnamic acid,Abrus precatorius,637542,OC(=O)/C=C/c1ccc(cc1)O,PPB3,Carbonic anhydrase VI,,,,DNN(RDKit),Homo sapiens,0.98,,,29
4-Hydroxycinnamic acid,Abrus precatorius,637542,OC(=O)/C=C/c1ccc(cc1)O,PPB3,Carbonic anhydrase VII,,,,DNN(RDKit),Homo sapiens,0.98,,,30
4-Hydroxycinnamic acid,Abrus precatorius,637542,OC(=O)/C=C/c1ccc(cc1)O,PPB3,Carbonic anhydrase VA,,,,DNN(RDKit),Homo sapiens,0.96,,,31
4-Hydroxycinnamic acid,Abrus precatorius,637542,OC(=O)/C=C/c1ccc(cc1)O,PPB3,Carbonic anhydrase IX,,,,DNN(RDKit),Homo sapiens,0.95,,,32
4-Hydroxycinnamic acid,Abrus precatorius,637542,OC(=O)/C=C/c1ccc(cc1)O,PPB3,Carbonic anhydrase VB,,,,DNN(RDKit),Homo sapiens,0.95,,,33
4-Hydroxycinnamic acid,Abrus precatorius,637542,OC(=O)/C=C/c1ccc(cc1)O,PPB3,Carbonic anhydrase XII,,,,DNN(RDKit),Homo sapiens,0.94,,,34
4-Hydroxycinnamic acid,Abrus precatorius,637542,OC(=O)/C=C/c1ccc(cc1)O,PPB3,Carbonic anhydrase III,,,,DNN(RDKit),Homo sapiens,0.87,,,35
4-Hydroxycinnamic acid,Abrus precatorius,637542,OC(=O)/C=C/c1ccc(cc1)O,PPB3,Carbonic anhydrase I,,,,DNN(RDKit),Homo sapiens,0.78,,,36
4-Hydroxycinnamic acid,Abrus precatorius,637542,OC(=O)/C=C/c1ccc(cc1)O,PPB3,Carbonic anhydrase IV,,,,DNN(RDKit),Homo sapiens,0.76,,,37
4-Hydroxycinnamic acid,Abrus precatorius,637542,OC(=O)/C=C/c1ccc(cc1)O,PPB3,Xanthine dehydrogenase,,,,DNN(RDKit),Homo sapiens,0.75,,,38
4-Hydroxycinnamic acid,Abrus precatorius,637542,OC(=O)/C=C/c1ccc(cc1)O,PPB3,Solute carrier organic anion transporter family member 1B3,,,,DNN(RDKit),Homo sapiens,0.75,,,39
4-Hydroxycinnamic acid,Abrus precatorius,637542,OC(=O)/C=C/c1ccc(cc1)O,PPB3,Solute carrier organic anion transporter family member 1B1,,,,DNN(RDKit),Homo sapiens,0.73,,,40
4-Hydroxycinnamic acid,Abrus precatorius,637542,OC(=O)/C=C/c1ccc(cc1)O,PPB3,Carbonic anhydrase XIV,,,,DNN(Layered),Homo sapiens,0.96,,,41
4-Hydroxycinnamic acid,Abrus precatorius,637542,OC(=O)/C=C/c1ccc(cc1)O,PPB3,Carbonic anhydrase VII,,,,DNN(Layered),Homo sapiens,0.94,,,42
4-Hydroxycinnamic acid,Abrus precatorius,637542,OC(=O)/C=C/c1ccc(cc1)O,PPB3,Carbonic anhydrase VB,,,,DNN(Layered),Homo sapiens,0.9,,,43
4-Hydroxycinnamic acid,Abrus precatorius,637542,OC(=O)/C=C/c1ccc(cc1)O,PPB3,Carbonic anhydrase IX,,,,DNN(Layered),Homo sapiens,0.88,,,44
4-Hydroxycinnamic acid,Abrus precatorius,637542,OC(=O)/C=C/c1ccc(cc1)O,PPB3,Carbonic anhydrase II,,,,DNN(Layered),Homo sapiens,0.85,,,45
4-Hydroxycinnamic acid,Abrus precatorius,637542,OC(=O)/C=C/c1ccc(cc1)O,PPB3,Carbonic anhydrase XII,,,,DNN(Layered),Homo sapiens,0.84,,,46
4-Hydroxycinnamic acid,Abrus precatorius,637542,OC(=O)/C=C/c1ccc(cc1)O,PPB3,Carbonic anhydrase VI,,,,DNN(Layered),Homo sapiens,0.81,,,47
4-Hydroxycinnamic acid,Abrus precatorius,637542,OC(=O)/C=C/c1ccc(cc1)O,PPB3,Carbonic anhydrase I,,,,DNN(Layered),Homo sapiens,0.8,,,48
4-Hydroxycinnamic acid,Abrus precatorius,637542,OC(=O)/C=C/c1ccc(cc1)O,PPB3,Carbonic anhydrase VA,,,,DNN(Layered),Homo sapiens,0.79,,,49
4-Hydroxycinnamic acid,Abrus precatorius,637542,OC(=O)/C=C/c1ccc(cc1)O,PPB3,Carbonic anhydrase III,,,,DNN(Layered),Homo sapiens,0.7,,,50
4-Hydroxycinnamic acid,Abrus precatorius,637542,OC(=O)/C=C/c1ccc(cc1)O,PPB3,Carbonic anhydrase IV,,,,DNN(Layered),Homo sapiens,0.39,,,51
4-Hydroxycinnamic acid,Abrus precatorius,637542,OC(=O)/C=C/c1ccc(cc1)O,PPB3,Aldose reductase,,,,DNN(Layered),Homo sapiens,0.37,,,52
4-Hydroxycinnamic acid,Abrus precatorius,637542,OC(=O)/C=C/c1ccc(cc1)O,PPB3,Solute carrier organic anion transporter family member 1B3,,,,DNN(Layered),Homo sapiens,0.33,,,53
4-Hydroxycinnamic acid,Abrus precatorius,637542,OC(=O)/C=C/c1ccc(cc1)O,PPB3,Tyrosinase,,,,DNN(Layered),Homo sapiens,0.28,,,54
4-Hydroxycinnamic acid,Abrus precatorius,637542,OC(=O)/C=C/c1ccc(cc1)O,PPB3,Carbonic anhydrase XIV,,,,DNN(MHFP6),Homo sapiens,0.98,,,55
4-Hydroxycinnamic acid,Abrus precatorius,637542,OC(=O)/C=C/c1ccc(cc1)O,PPB3,Carbonic anhydrase VII,,,,DNN(MHFP6),Homo sapiens,0.97,,,56
4-Hydroxycinnamic acid,Abrus precatorius,637542,OC(=O)/C=C/c1ccc(cc1)O,PPB3,Carbonic anhydrase II,,,,DNN(MHFP6),Homo sapiens,0.96,,,57
4-Hydroxycinnamic acid,Abrus precatorius,637542,OC(=O)/C=C/c1ccc(cc1)O,PPB3,Carbonic anhydrase VA,,,,DNN(MHFP6),Homo sapiens,0.92,,,58
4-Hydroxycinnamic acid,Abrus precatorius,637542,OC(=O)/C=C/c1ccc(cc1)O,PPB3,Carbonic anhydrase IX,,,,DNN(MHFP6),Homo sapiens,0.9,,,59
4-Hydroxycinnamic acid,Abrus precatorius,637542,OC(=O)/C=C/c1ccc(cc1)O,PPB3,Carbonic anhydrase XII,,,,DNN(MHFP6),Homo sapiens,0.86,,,60
4-Hydroxycinnamic acid,Abrus precatorius,637542,OC(=O)/C=C/c1ccc(cc1)O,PPB3,Carbonic anhydrase I,,,,DNN(MHFP6),Homo sapiens,0.85,,,61
4-Hydroxycinnamic acid,Abrus precatorius,637542,OC(=O)/C=C/c1ccc(cc1)O,PPB3,Carbonic anhydrase VB,,,,DNN(MHFP6),Homo sapiens,0.81,,,62
4-Hydroxycinnamic acid,Abrus precatorius,637542,OC(=O)/C=C/c1ccc(cc1)O,PPB3,Tyrosinase,,,,DNN(MHFP6),Homo sapiens,0.75,,,63
4-Hydroxycinnamic acid,Abrus precatorius,637542,OC(=O)/C=C/c1ccc(cc1)O,PPB3,Carbonic anhydrase IV,,,,DNN(MHFP6),Homo sapiens,0.73,,,64
4-Hydroxycinnamic acid,Abrus precatorius,637542,OC(=O)/C=C/c1ccc(cc1)O,PPB3,Carbonic anhydrase III,,,,DNN(MHFP6),Homo sapiens,0.71,,,65
4-Hydroxycinnamic acid,Abrus precatorius,637542,OC(=O)/C=C/c1ccc(cc1)O,PPB3,Carbonic anhydrase VI,,,,DNN(MHFP6),Homo sapiens,0.59,,,66
4-Hydroxycinnamic acid,Abrus precatorius,637542,OC(=O)/C=C/c1ccc(cc1)O,PPB3,Aldose reductase,,,,DNN(MHFP6),Homo sapiens,0.58,,,67
4-Hydroxycinnamic acid,Abrus precatorius,637542,OC(=O)/C=C/c1ccc(cc1)O,PPB3,Solute carrier organic anion transporter family member 1B3,,,,DNN(MHFP6),Homo sapiens,0.57,,,68
4-Hydroxycinnamic acid,Abrus precatorius,637542,OC(=O)/C=C/c1ccc(cc1)O,PPB3,Carbonic anhydrase XIV,,,,DNN(ECFP6),Homo sapiens,0.99,,,69
4-Hydroxycinnamic acid,Abrus precatorius,637542,OC(=O)/C=C/c1ccc(cc1)O,PPB3,Carbonic anhydrase VII,,,,DNN(ECFP6),Homo sapiens,0.99,,,70
4-Hydroxycinnamic acid,Abrus precatorius,637542,OC(=O)/C=C/c1ccc(cc1)O,PPB3,Carbonic anhydrase VA,,,,DNN(ECFP6),Homo sapiens,0.97,,,71
4-Hydroxycinnamic acid,Abrus precatorius,637542,OC(=O)/C=C/c1ccc(cc1)O,PPB3,Carbonic anhydrase XII,,,,DNN(ECFP6),Homo sapiens,0.96,,,72
4-Hydroxycinnamic acid,Abrus precatorius,637542,OC(=O)/C=C/c1ccc(cc1)O,PPB3,Carbonic anhydrase IX,,,,DNN(ECFP6),Homo sapiens,0.96,,,73
4-Hydroxycinnamic acid,Abrus precatorius,637542,OC(=O)/C=C/c1ccc(cc1)O,PPB3,Carbonic anhydrase VB,,,,DNN(ECFP6),Homo sapiens,0.96,,,74
4-Hydroxycinnamic acid,Abrus precatorius,637542,OC(=O)/C=C/c1ccc(cc1)O,PPB3,Carbonic anhydrase VI,,,,DNN(ECFP6),Homo sapiens,0.94,,,75
4-Hydroxycinnamic acid,Abrus precatorius,637542,OC(=O)/C=C/c1ccc(cc1)O,PPB3,Carbonic anhydrase I,,,,DNN(ECFP6),Homo sapiens,0.93,,,76
4-Hydroxycinnamic acid,Abrus precatorius,637542,OC(=O)/C=C/c1ccc(cc1)O,PPB3,Carbonic anhydrase IV,,,,DNN(ECFP6),Homo sapiens,0.92,,,77
4-Hydroxycinnamic acid,Abrus precatorius,637542,OC(=O)/C=C/c1ccc(cc1)O,PPB3,Carbonic anhydrase III,,,,DNN(ECFP6),Homo sapiens,0.9,,,78
4-Hydroxycinnamic acid,Abrus precatorius,637542,OC(=O)/C=C/c1ccc(cc1)O,PPB3,Carbonic anhydrase II,,,,DNN(ECFP6),Homo sapiens,0.9,,,79
4-Hydroxycinnamic acid,Abrus precatorius,637542,OC(=O)/C=C/c1ccc(cc1)O,PPB3,Aldose reductase,,,,DNN(ECFP6),Homo sapiens,0.71,,,80
4-Hydroxycinnamic acid,Abrus precatorius,637542,OC(=O)/C=C/c1ccc(cc1)O,PPB3,Solute carrier organic anion transporter family member 1B1,,,,DNN(ECFP6),Homo sapiens,0.69,,,81
4-Hydroxycinnamic acid,Abrus precatorius,637542,OC(=O)/C=C/c1ccc(cc1)O,PPB3,Solute carrier organic anion transporter family member 1B3,,,,DNN(ECFP6),Homo sapiens,0.68,,,82
4-Hydroxycinnamic acid,Abrus precatorius,637542,OC(=O)/C=C/c1ccc(cc1)O,PPB3,Raji,,,,DNN(ECFP6),Homo sapiens,0.65,,,83
4-Hydroxycinnamic acid,Abrus precatorius,637542,OC(=O)/C=C/c1ccc(cc1)O,PPB3,Carbonic anhydrase VII,,,,DNN(AtomPair),Homo sapiens,0.96,,,84
4-Hydroxycinnamic acid,Abrus precatorius,637542,OC(=O)/C=C/c1ccc(cc1)O,PPB3,Carbonic anhydrase XII,,,,DNN(AtomPair),Homo sapiens,0.92,,,85
4-Hydroxycinnamic acid,Abrus precatorius,637542,OC(=O)/C=C/c1ccc(cc1)O,PPB3,Carbonic anhydrase XIV,,,,DNN(AtomPair),Homo sapiens,0.9,,,86
4-Hydroxycinnamic acid,Abrus precatorius,637542,OC(=O)/C=C/c1ccc(cc1)O,PPB3,Carbonic anhydrase VI,,,,DNN(AtomPair),Homo sapiens,0.88,,,87
4-Hydroxycinnamic acid,Abrus precatorius,637542,OC(=O)/C=C/c1ccc(cc1)O,PPB3,Carbonic anhydrase III,,,,DNN(AtomPair),Homo sapiens,0.81,,,88
4-Hydroxycinnamic acid,Abrus precatorius,637542,OC(=O)/C=C/c1ccc(cc1)O,PPB3,Carbonic anhydrase VA,,,,DNN(AtomPair),Homo sapiens,0.79,,,89
4-Hydroxycinnamic acid,Abrus precatorius,637542,OC(=O)/C=C/c1ccc(cc1)O,PPB3,Carbonic anhydrase IX,,,,DNN(AtomPair),Homo sapiens,0.78,,,90
4-Hydroxycinnamic acid,Abrus precatorius,637542,OC(=O)/C=C/c1ccc(cc1)O,PPB3,Carbonic anhydrase VB,,,,DNN(AtomPair),Homo sapiens,0.74,,,91
4-Hydroxycinnamic acid,Abrus precatorius,637542,OC(=O)/C=C/c1ccc(cc1)O,PPB3,Carbonic anhydrase I,,,,DNN(AtomPair),Homo sapiens,0.66,,,92
4-Hydroxycinnamic acid,Abrus precatorius,637542,OC(=O)/C=C/c1ccc(cc1)O,PPB3,Solute carrier organic anion transporter family member 1B3,,,,DNN(AtomPair),Homo sapiens,0.59,,,93
4-Hydroxycinnamic acid,Abrus precatorius,637542,OC(=O)/C=C/c1ccc(cc1)O,PPB3,Solute carrier organic anion transporter family member 1B1,,,,DNN(AtomPair),Homo sapiens,0.55,,,94
4-Hydroxycinnamic acid,Abrus precatorius,637542,OC(=O)/C=C/c1ccc(cc1)O,PPB3,Carbonic anhydrase II,,,,DNN(AtomPair),Homo sapiens,0.55,,,95
4-Hydroxycinnamic acid,Abrus precatorius,637542,OC(=O)/C=C/c1ccc(cc1)O,PPB3,Tyrosinase,,,,DNN(AtomPair),Homo sapiens,0.49,,,96
4-Hydroxycinnamic acid,Abrus precatorius,637542,OC(=O)/C=C/c1ccc(cc1)O,PPB3,Carbonic anhydrase VII,,,,Consensus,Homo sapiens,1.0,,,97
4-Hydroxycinnamic acid,Abrus precatorius,637542,OC(=O)/C=C/c1ccc(cc1)O,PPB3,Carbonic anhydrase XIV,,,,Consensus,Homo sapiens,0.99,,,98
4-Hydroxycinnamic acid,Abrus precatorius,637542,OC(=O)/C=C/c1ccc(cc1)O,PPB3,Carbonic anhydrase VI,,,,Consensus,Homo sapiens,0.98,,,99
4-Hydroxycinnamic acid,Abrus precatorius,637542,OC(=O)/C=C/c1ccc(cc1)O,PPB3,Carbonic anhydrase VA,,,,Consensus,Homo sapiens,0.97,,,100
4-Hydroxycinnamic acid,Abrus precatorius,637542,OC(=O)/C=C/c1ccc(cc1)O,PPB3,Carbonic anhydrase XII,,,,Consensus,Homo sapiens,0.96,,,101
4-Hydroxycinnamic acid,Abrus precatorius,637542,OC(=O)/C=C/c1ccc(cc1)O,PPB3,Carbonic anhydrase IX,,,,Consensus,Homo sapiens,0.96,,,102
4-Hydroxycinnamic acid,Abrus precatorius,637542,OC(=O)/C=C/c1ccc(cc1)O,PPB3,Carbonic anhydrase VB,,,,Consensus,Homo sapiens,0.96,,,103
4-Hydroxycinnamic acid,Abrus precatorius,637542,OC(=O)/C=C/c1ccc(cc1)O,PPB3,Carbonic anhydrase II,,,,Consensus,Homo sapiens,0.96,,,104
4-Hydroxycinnamic acid,Abrus precatorius,637542,OC(=O)/C=C/c1ccc(cc1)O,PPB3,Carbonic anhydrase IV,,,,Consensus,Homo sapiens,0.94,,,105
4-Hydroxycinnamic acid,Abrus precatorius,637542,OC(=O)/C=C/c1ccc(cc1)O,PPB3,Carbonic anhydrase I,,,,Consensus,Homo sapiens,0.93,,,106
4-Hydroxycinnamic acid,Abrus precatorius,637542,OC(=O)/C=C/c1ccc(cc1)O,PPB3,Carbonic anhydrase III,,,,Consensus,Homo sapiens,0.91,,,107
4-Hydroxycinnamic acid,Abrus precatorius,637542,OC(=O)/C=C/c1ccc(cc1)O,PPB3,Tyrosinase,,,,Consensus,Homo sapiens,0.88,,,108
4-Hydroxycinnamic acid,Abrus precatorius,637542,OC(=O)/C=C/c1ccc(cc1)O,PPB3,Solute carrier organic anion transporter family member 1B3,,,,Consensus,Homo sapiens,0.85,,,109
4-Hydroxycinnamic acid,Abrus precatorius,637542,OC(=O)/C=C/c1ccc(cc1)O,SEA,CA3,,CAH3_HUMAN,,Carbonic anhydrase 3,CAH3_HUMAN,,1.966e-29,1.00,1
4-Hydroxycinnamic acid,Abrus precatorius,637542,OC(=O)/C=C/c1ccc(cc1)O,SEA,CA6,,CAH6_HUMAN,,Carbonic anhydrase 6,CAH6_HUMAN,,4.201e-29,1.00,2
4-Hydroxycinnamic acid,Abrus precatorius,637542,OC(=O)/C=C/c1ccc(cc1)O,SEA,CA5B,,CAH5B_HUMAN,,"Carbonic anhydrase 5B, mitochondrial",CAH5B_HUMAN,,5.523e-27,1.00,3
4-Hydroxycinnamic acid,Abrus precatorius,637542,OC(=O)/C=C/c1ccc(cc1)O,SEA,CA5A,,CAH5A_HUMAN,,"Carbonic anhydrase 5A, mitochondrial",CAH5A_HUMAN,,2.466e-26,1.00,4
4-Hydroxycinnamic acid,Abrus precatorius,637542,OC(=O)/C=C/c1ccc(cc1)O,SEA,CA14,,CAH14_HUMAN,,Carbonic anhydrase 14,CAH14_HUMAN,,7.845e-21,1.00,5
4-Hydroxycinnamic acid,Abrus precatorius,637542,OC(=O)/C=C/c1ccc(cc1)O,SEA,CA7,,CAH7_HUMAN,,Carbonic anhydrase 7,CAH7_HUMAN,,9.975e-20,1.00,6
4-Hydroxycinnamic acid,Abrus precatorius,637542,OC(=O)/C=C/c1ccc(cc1)O,SEA,AKR1B1,,ALDR_HUMAN,,Aldo-keto reductase family 1 member B1,ALDR_HUMAN,,5.551e-16,1.00,7
4-Hydroxycinnamic acid,Abrus precatorius,637542,OC(=O)/C=C/c1ccc(cc1)O,SEA,ESR2,,ESR2_HUMAN,,Estrogen receptor beta,ESR2_HUMAN,,3.537e-13,1.00,8
4-Hydroxycinnamic acid,Abrus precatorius,637542,OC(=O)/C=C/c1ccc(cc1)O,SEA,CA4,,CAH4_HUMAN,,Carbonic anhydrase 4,CAH4_HUMAN,,8.212e-10,1.00,9
4-Hydroxycinnamic acid,Abrus precatorius,637542,OC(=O)/C=C/c1ccc(cc1)O,SEA,CA9,,CAH9_HUMAN,,Carbonic anhydrase 9,CAH9_HUMAN,,1.039e-07,1.00,10
4-Hydroxycinnamic acid,Abrus precatorius,637542,OC(=O)/C=C/c1ccc(cc1)O,SEA,CA12,,CAH12_HUMAN,,Carbonic anhydrase 12,CAH12_HUMAN,,1.16e-07,1.00,11
4-Hydroxycinnamic acid,Abrus precatorius,637542,OC(=O)/C=C/c1ccc(cc1)O,SEA,CA1,,CAH1_HUMAN,,Carbonic anhydrase 1,CAH1_HUMAN,,6.912e-07,1.00,12
4-Hydroxycinnamic acid,Abrus precatorius,637542,OC(=O)/C=C/c1ccc(cc1)O,SEA,CA2,,CAH2_HUMAN,,Carbonic anhydrase 2,CAH2_HUMAN,,1.311e-05,1.00,13
4-Hydroxycinnamic acid,Abrus precatorius,637542,OC(=O)/C=C/c1ccc(cc1)O,SEA,NR0B2,,NR0B2_HUMAN,,Nuclear receptor subfamily 0 group B member 2,NR0B2_HUMAN,,3.76e-67,0.35,14
4-Hydroxycinnamic acid,Abrus precatorius,637542,OC(=O)/C=C/c1ccc(cc1)O,SEA,ESR1,,ESR1_HUMAN,,Estrogen receptor,ESR1_HUMAN,,2.657e-62,0.58,15
4-Hydroxycinnamic acid,Abrus precatorius,637542,OC(=O)/C=C/c1ccc(cc1)O,SEA,CXCL12,,SDF1_HUMAN,,Stromal cell-derived factor 1,SDF1_HUMAN,,1.069e-58,0.53,16
4-Hydroxycinnamic acid,Abrus precatorius,637542,OC(=O)/C=C/c1ccc(cc1)O,SEA,ALDH5A1,,SSDH_HUMAN,,"Succinate-semialdehyde dehydrogenase, mitochondrial",SSDH_HUMAN,,3.987e-46,0.37,17
4-Hydroxycinnamic acid,Abrus precatorius,637542,OC(=O)/C=C/c1ccc(cc1)O,SEA,AKR1B10,,AK1BA_HUMAN,,Aldo-keto reductase family 1 member B10,AK1BA_HUMAN,,1.499e-33,0.65,18
4-Hydroxycinnamic acid,Abrus precatorius,637542,OC(=O)/C=C/c1ccc(cc1)O,SEA,GPR183,,GP183_HUMAN,,G-protein coupled receptor 183,GP183_HUMAN,,9.245e-32,0.33,19
4-Hydroxycinnamic acid,Abrus precatorius,637542,OC(=O)/C=C/c1ccc(cc1)O,SEA,NFKB1,,NFKB1_HUMAN,,Nuclear factor NF-kappa-B p105 subunit,NFKB1_HUMAN,,6.123e-30,0.40,20
4-Hydroxycinnamic acid,Abrus precatorius,637542,OC(=O)/C=C/c1ccc(cc1)O,SEA,ABAT,,GABT_HUMAN,,"4-aminobutyrate aminotransferase, mitochondrial",GABT_HUMAN,,1.275e-29,0.37,21
4-Hydroxycinnamic acid,Abrus precatorius,637542,OC(=O)/C=C/c1ccc(cc1)O,SEA,MYOC,,MYOC_HUMAN,,Myocilin,MYOC_HUMAN,,2.026e-28,0.35,22
4-Hydroxycinnamic acid,Abrus precatorius,637542,OC(=O)/C=C/c1ccc(cc1)O,SEA,RHOA,,RHOA_HUMAN,,Transforming protein RhoA,RHOA_HUMAN,,2.575e-28,0.39,23
4-Hydroxycinnamic acid,Abrus precatorius,637542,OC(=O)/C=C/c1ccc(cc1)O,SEA,APP,,A4_HUMAN,,Amyloid-beta precursor protein,A4_HUMAN,,2.907e-25,0.52,24
4-Hydroxycinnamic acid,Abrus precatorius,637542,OC(=O)/C=C/c1ccc(cc1)O,SEA,AKR1C3,,AK1C3_HUMAN,,Aldo-keto reductase family 1 member C3,AK1C3_HUMAN,,1.206e-24,0.41,25
4-Hydroxycinnamic acid,Abrus precatorius,637542,OC(=O)/C=C/c1ccc(cc1)O,SEA,MMP9,,MMP9_HUMAN,,Matrix metalloproteinase-9,MMP9_HUMAN,,9.903e-22,0.61,26
4-Hydroxycinnamic acid,Abrus precatorius,637542,OC(=O)/C=C/c1ccc(cc1)O,SEA,MMP1,,MMP1_HUMAN,,Interstitial collagenase,MMP1_HUMAN,,1.688e-21,0.61,27
4-Hydroxycinnamic acid,Abrus precatorius,637542,OC(=O)/C=C/c1ccc(cc1)O,SEA,ABCG2,,ABCG2_HUMAN,,Broad substrate specificity ATP-binding cassette transporter ABCG2,ABCG2_HUMAN,,1.846e-20,0.43,28
4-Hydroxycinnamic acid,Abrus precatorius,637542,OC(=O)/C=C/c1ccc(cc1)O,SEA,PAM,,AMD_HUMAN,,Peptidyl-glycine alpha-amidating monooxygenase,AMD_HUMAN,,4.268e-20,0.34,29
4-Hydroxycinnamic acid,Abrus precatorius,637542,OC(=O)/C=C/c1ccc(cc1)O,SEA,MIF,,MIF_HUMAN,,Macrophage migration inhibitory factor,MIF_HUMAN,,8.058e-20,0.50,30
4-Hydroxycinnamic acid,Abrus precatorius,637542,OC(=O)/C=C/c1ccc(cc1)O,SEA,TTR,,TTHY_HUMAN,,Transthyretin,TTHY_HUMAN,,1.821e-19,0.48,31
4-Hydroxycinnamic acid,Abrus precatorius,637542,OC(=O)/C=C/c1ccc(cc1)O,SEA,MAOB,,AOFB_HUMAN,,Amine oxidase [flavin-containing] B,AOFB_HUMAN,,2.724e-19,0.57,32
4-Hydroxycinnamic acid,Abrus precatorius,637542,OC(=O)/C=C/c1ccc(cc1)O,SEA,MB,,MYG_HUMAN,,Myoglobin,MYG_HUMAN,,1.882e-17,0.33,33
4-Hydroxycinnamic acid,Abrus precatorius,637542,OC(=O)/C=C/c1ccc(cc1)O,SEA,MMP2,,MMP2_HUMAN,,72 kDa type IV collagenase,MMP2_HUMAN,,3.419e-17,0.61,34
4-Hydroxycinnamic acid,Abrus precatorius,637542,OC(=O)/C=C/c1ccc(cc1)O,SEA,GLO1,,LGUL_HUMAN,,Lactoylglutathione lyase,LGUL_HUMAN,,4.07e-17,0.42,35
4-Hydroxycinnamic acid,Abrus precatorius,637542,OC(=O)/C=C/c1ccc(cc1)O,SEA,ESRRG,,ERR3_HUMAN,,Estrogen-related receptor gamma,ERR3_HUMAN,,3.553e-15,0.32,36
4-Hydroxycinnamic acid,Abrus precatorius,637542,OC(=O)/C=C/c1ccc(cc1)O,SEA,CYP1B1,,CP1B1_HUMAN,,Cytochrome P450 1B1,CP1B1_HUMAN,,2.087e-14,0.48,37
4-Hydroxycinnamic acid,Abrus precatorius,637542,OC(=O)/C=C/c1ccc(cc1)O,SEA,MAPT,,TAU_HUMAN,,Microtubule-associated protein tau,TAU_HUMAN,,4.043e-13,0.36,38
4-Hydroxycinnamic acid,Abrus precatorius,637542,OC(=O)/C=C/c1ccc(cc1)O,SEA,TRPM2,,TRPM2_HUMAN,,Transient receptor potential cation channel subfamily M member 2,TRPM2_HUMAN,,1.608e-12,0.31,39
4-Hydroxycinnamic acid,Abrus precatorius,637542,OC(=O)/C=C/c1ccc(cc1)O,SEA,NFE2L2,,NF2L2_HUMAN,,Nuclear factor erythroid 2-related factor 2,NF2L2_HUMAN,,1.625e-12,0.48,40
4-Hydroxycinnamic acid,Abrus precatorius,637542,OC(=O)/C=C/c1ccc(cc1)O,SEA,BACE1,,BACE1_HUMAN,,Beta-secretase 1,BACE1_HUMAN,,4.172e-12,0.65,41
4-Hydroxycinnamic acid,Abrus precatorius,637542,OC(=O)/C=C/c1ccc(cc1)O,SEA,HDAC8,,HDAC8_HUMAN,,Histone deacetylase 8,HDAC8_HUMAN,,2.397e-11,0.57,42
4-Hydroxycinnamic acid,Abrus precatorius,637542,OC(=O)/C=C/c1ccc(cc1)O,SEA,RBBP9,,RBBP9_HUMAN,,Serine hydrolase RBBP9,RBBP9_HUMAN,,2.943e-11,0.30,43
4-Hydroxycinnamic acid,Abrus precatorius,637542,OC(=O)/C=C/c1ccc(cc1)O,SEA,HDAC2,,HDAC2_HUMAN,,Histone deacetylase 2,HDAC2_HUMAN,,3.263e-11,0.57,44
4-Hydroxycinnamic acid,Abrus precatorius,637542,OC(=O)/C=C/c1ccc(cc1)O,SEA,HDAC11,,HDA11_HUMAN,,Histone deacetylase 11,HDA11_HUMAN,,3.816e-11,0.57,45
4-Hydroxycinnamic acid,Abrus precatorius,637542,OC(=O)/C=C/c1ccc(cc1)O,SEA,PTGER3,,PE2R3_HUMAN,,Prostaglandin E2 receptor EP3 subtype,PE2R3_HUMAN,,4.308e-11,0.41,46
4-Hydroxycinnamic acid,Abrus precatorius,637542,OC(=O)/C=C/c1ccc(cc1)O,SEA,CISD1,,CISD1_HUMAN,,CDGSH iron-sulfur domain-containing protein 1,CISD1_HUMAN,,1.582e-10,0.42,47
4-Hydroxycinnamic acid,Abrus precatorius,637542,OC(=O)/C=C/c1ccc(cc1)O,SEA,HDAC9,,HDAC9_HUMAN,,Histone deacetylase 9,HDAC9_HUMAN,,3.633e-10,0.57,48
4-Hydroxycinnamic acid,Abrus precatorius,637542,OC(=O)/C=C/c1ccc(cc1)O,SEA,PTGER2,,PE2R2_HUMAN,,Prostaglandin E2 receptor EP2 subtype,PE2R2_HUMAN,,3.655e-10,0.41,49
4-Hydroxycinnamic acid,Abrus precatorius,637542,OC(=O)/C=C/c1ccc(cc1)O,SEA,PTPN11,,PTN11_HUMAN,,Tyrosine-protein phosphatase non-receptor type 11,PTN11_HUMAN,,4.205e-10,0.35,50
4-Hydroxycinnamic acid,Abrus precatorius,637542,OC(=O)/C=C/c1ccc(cc1)O,SEA,ODC1,,DCOR_HUMAN,,Ornithine decarboxylase,DCOR_HUMAN,,5.952e-10,0.38,51
4-Hydroxycinnamic acid,Abrus precatorius,637542,OC(=O)/C=C/c1ccc(cc1)O,SEA,HSPE1,,CH10_HUMAN,,"10 kDa heat shock protein, mitochondrial",CH10_HUMAN,,6.557e-10,0.33,52
4-Hydroxycinnamic acid,Abrus precatorius,637542,OC(=O)/C=C/c1ccc(cc1)O,SEA,HSPD1,,CH60_HUMAN,,"60 kDa heat shock protein, mitochondrial",CH60_HUMAN,,6.557e-10,0.33,53
4-Hydroxycinnamic acid,Abrus precatorius,637542,OC(=O)/C=C/c1ccc(cc1)O,SEA,F3,,TF_HUMAN,,Tissue factor,TF_HUMAN,,8.375e-10,0.71,54
4-Hydroxycinnamic acid,Abrus precatorius,637542,OC(=O)/C=C/c1ccc(cc1)O,SEA,JUN,,JUN_HUMAN,,Transcription factor AP-1,JUN_HUMAN,,8.83e-10,0.42,55
4-Hydroxycinnamic acid,Abrus precatorius,637542,OC(=O)/C=C/c1ccc(cc1)O,SEA,PTGER4,,PE2R4_HUMAN,,Prostaglandin E2 receptor EP4 subtype,PE2R4_HUMAN,,1.383e-09,0.41,56
4-Hydroxycinnamic acid,Abrus precatorius,637542,OC(=O)/C=C/c1ccc(cc1)O,SEA,CYP26B1,,CP26B_HUMAN,,Cytochrome P450 26B1,CP26B_HUMAN,,4.641e-09,0.38,57
4-Hydroxycinnamic acid,Abrus precatorius,637542,OC(=O)/C=C/c1ccc(cc1)O,SEA,TLR9,,TLR9_HUMAN,,Toll-like receptor 9,TLR9_HUMAN,,6.616e-09,0.65,58
4-Hydroxycinnamic acid,Abrus precatorius,637542,OC(=O)/C=C/c1ccc(cc1)O,SEA,TNFRSF1A,,TNR1A_HUMAN,,Tumor necrosis factor receptor superfamily member 1A,TNR1A_HUMAN,,9.494e-09,0.32,59
4-Hydroxycinnamic acid,Abrus precatorius,637542,OC(=O)/C=C/c1ccc(cc1)O,SEA,SLC37A4,,G6PT1_HUMAN,,Glucose-6-phosphate exchanger SLC37A4,G6PT1_HUMAN,,9.882e-09,0.29,60
4-Hydroxycinnamic acid,Abrus precatorius,637542,OC(=O)/C=C/c1ccc(cc1)O,SEA,HDAC5,,HDAC5_HUMAN,,Histone deacetylase 5,HDAC5_HUMAN,,1.558e-08,0.32,61
4-Hydroxycinnamic acid,Abrus precatorius,637542,OC(=O)/C=C/c1ccc(cc1)O,SEA,NQO2,,NQO2_HUMAN,,Ribosyldihydronicotinamide dehydrogenase [quinone],NQO2_HUMAN,,1.84e-08,0.48,62
4-Hydroxycinnamic acid,Abrus precatorius,637542,OC(=O)/C=C/c1ccc(cc1)O,SEA,AKR1C4,,AK1C4_HUMAN,,Aldo-keto reductase family 1 member C4,AK1C4_HUMAN,,2.009e-08,0.35,63
4-Hydroxycinnamic acid,Abrus precatorius,637542,OC(=O)/C=C/c1ccc(cc1)O,SEA,CA13,,CAH13_HUMAN,,Carbonic anhydrase 13,CAH13_HUMAN,,3.864e-08,0.48,64
4-Hydroxycinnamic acid,Abrus precatorius,637542,OC(=O)/C=C/c1ccc(cc1)O,SEA,HDAC10,,HDA10_HUMAN,,Polyamine deacetylase HDAC10,HDA10_HUMAN,,4.043e-08,0.37,65
4-Hydroxycinnamic acid,Abrus precatorius,637542,OC(=O)/C=C/c1ccc(cc1)O,SEA,G6PC,,G6PC_HUMAN,,Glucose-6-phosphatase,G6PC_HUMAN,,4.778e-08,0.32,66
4-Hydroxycinnamic acid,Abrus precatorius,637542,OC(=O)/C=C/c1ccc(cc1)O,SEA,CTBP2,,CTBP2_HUMAN,,C-terminal-binding protein 2,CTBP2_HUMAN,,5.175e-08,0.31,67
4-Hydroxycinnamic acid,Abrus precatorius,637542,OC(=O)/C=C/c1ccc(cc1)O,SEA,MAOA,,AOFA_HUMAN,,Amine oxidase [flavin-containing] A,AOFA_HUMAN,,5.772e-08,0.48,68
4-Hydroxycinnamic acid,Abrus precatorius,637542,OC(=O)/C=C/c1ccc(cc1)O,SEA,FOS,,FOS_HUMAN,,Proto-oncogene c-Fos,FOS_HUMAN,,6.254e-08,0.42,69
4-Hydroxycinnamic acid,Abrus precatorius,637542,OC(=O)/C=C/c1ccc(cc1)O,SEA,HCAR2,,HCAR2_HUMAN,,Hydroxycarboxylic acid receptor 2,HCAR2_HUMAN,,1.152e-07,0.67,70
4-Hydroxycinnamic acid,Abrus precatorius,637542,OC(=O)/C=C/c1ccc(cc1)O,SEA,HDAC1,,HDAC1_HUMAN,,Histone deacetylase 1,HDAC1_HUMAN,,1.191e-07,0.57,71
4-Hydroxycinnamic acid,Abrus precatorius,637542,OC(=O)/C=C/c1ccc(cc1)O,SEA,LPAR2,,LPAR2_HUMAN,,Lysophosphatidic acid receptor 2,LPAR2_HUMAN,,1.923e-07,0.32,72
4-Hydroxycinnamic acid,Abrus precatorius,637542,OC(=O)/C=C/c1ccc(cc1)O,SEA,GNB1,,GBB1_HUMAN,,Guanine nucleotide-binding protein G(I)/G(S)/G(T) subunit beta-1,GBB1_HUMAN,,3.814e-07,0.30,73
4-Hydroxycinnamic acid,Abrus precatorius,637542,OC(=O)/C=C/c1ccc(cc1)O,SEA,GNG2,,GBG2_HUMAN,,Guanine nucleotide-binding protein G(I)/G(S)/G(O) subunit gamma-2,GBG2_HUMAN,,3.814e-07,0.30,74
4-Hydroxycinnamic acid,Abrus precatorius,637542,OC(=O)/C=C/c1ccc(cc1)O,SEA,HDAC7,,HDAC7_HUMAN,,Histone deacetylase 7,HDAC7_HUMAN,,9.555e-07,0.30,75
4-Hydroxycinnamic acid,Abrus precatorius,637542,OC(=O)/C=C/c1ccc(cc1)O,SEA,SLC12A2,,S12A2_HUMAN,,Solute carrier family 12 member 2,S12A2_HUMAN,,1.092e-06,0.28,76
4-Hydroxycinnamic acid,Abrus precatorius,637542,OC(=O)/C=C/c1ccc(cc1)O,SEA,HDAC4,,HDAC4_HUMAN,,Histone deacetylase 4,HDAC4_HUMAN,,1.395e-06,0.34,77
4-Hydroxycinnamic acid,Abrus precatorius,637542,OC(=O)/C=C/c1ccc(cc1)O,SEA,EP300,,EP300_HUMAN,,Histone acetyltransferase p300,EP300_HUMAN,,1.993e-06,0.33,78
4-Hydroxycinnamic acid,Abrus precatorius,637542,OC(=O)/C=C/c1ccc(cc1)O,SEA,RARB,,RARB_HUMAN,,Retinoic acid receptor beta,RARB_HUMAN,,3.06e-06,0.44,79
4-Hydroxycinnamic acid,Abrus precatorius,637542,OC(=O)/C=C/c1ccc(cc1)O,SEA,HSPA1A,,HS71A_HUMAN,,Heat shock 70 kDa protein 1A,HS71A_HUMAN,,3.285e-06,0.30,80
4-Hydroxycinnamic acid,Abrus precatorius,637542,OC(=O)/C=C/c1ccc(cc1)O,SEA,TUBB1,,TBB1_HUMAN,,Tubulin beta-1 chain,TBB1_HUMAN,,4.321e-06,0.29,81
4-Hydroxycinnamic acid,Abrus precatorius,637542,OC(=O)/C=C/c1ccc(cc1)O,SEA,IKBKG,,NEMO_HUMAN,,NF-kappa-B essential modulator,NEMO_HUMAN,,6.235e-06,0.29,82
4-Hydroxycinnamic acid,Abrus precatorius,637542,OC(=O)/C=C/c1ccc(cc1)O,SEA,STAT1,,STAT1_HUMAN,,Signal transducer and activator of transcription 1-alpha/beta,STAT1_HUMAN,,8.923e-06,0.30,83
4-Hydroxycinnamic acid,Abrus precatorius,637542,OC(=O)/C=C/c1ccc(cc1)O,SwissTargetPrediction,Aldose reductase,AKR1B1,P15121,CHEMBL1900,Enzyme,P15121,1.0,,,1
4-Hydroxycinnamic acid,Abrus precatorius,637542,OC(=O)/C=C/c1ccc(cc1)O,SwissTargetPrediction,Carbonic anhydrase II,CA2,P00918,CHEMBL205,Lyase,P00918,1.0,,,2
4-Hydroxycinnamic acid,Abrus precatorius,637542,OC(=O)/C=C/c1ccc(cc1)O,SwissTargetPrediction,Carbonic anhydrase VII,CA7,P43166,CHEMBL2326,Lyase,P43166,1.0,,,3
4-Hydroxycinnamic acid,Abrus precatorius,637542,OC(=O)/C=C/c1ccc(cc1)O,SwissTargetPrediction,Estrogen receptor beta,ESR2,Q92731,CHEMBL242,Nuclear receptor,Q92731,1.0,,,4
4-Hydroxycinnamic acid,Abrus precatorius,637542,OC(=O)/C=C/c1ccc(cc1)O,SwissTargetPrediction,Carbonic anhydrase I,CA1,P00915,CHEMBL261,Lyase,P00915,1.0,,,5
4-Hydroxycinnamic acid,Abrus precatorius,637542,OC(=O)/C=C/c1ccc(cc1)O,SwissTargetPrediction,Carbonic anhydrase III,CA3,P07451,CHEMBL2885,Lyase,P07451,1.0,,,6
4-Hydroxycinnamic acid,Abrus precatorius,637542,OC(=O)/C=C/c1ccc(cc1)O,SwissTargetPrediction,Carbonic anhydrase VI,CA6,P23280,CHEMBL3025,Lyase,P23280,1.0,,,7
4-Hydroxycinnamic acid,Abrus precatorius,637542,OC(=O)/C=C/c1ccc(cc1)O,SwissTargetPrediction,Carbonic anhydrase XII,CA12,O43570,CHEMBL3242,Lyase,O43570,1.0,,,8
4-Hydroxycinnamic acid,Abrus precatorius,637542,OC(=O)/C=C/c1ccc(cc1)O,SwissTargetPrediction,Carbonic anhydrase XIV,CA14,Q9ULX7,CHEMBL3510,Lyase,Q9ULX7,1.0,,,9
4-Hydroxycinnamic acid,Abrus precatorius,637542,OC(=O)/C=C/c1ccc(cc1)O,SwissTargetPrediction,Carbonic anhydrase IX,CA9,Q16790,CHEMBL3594,Lyase,Q16790,1.0,,,10
4-Hydroxycinnamic acid,Abrus precatorius,637542,OC(=O)/C=C/c1ccc(cc1)O,SwissTargetPrediction,Carbonic anhydrase IV,CA4,P22748,CHEMBL3729,Lyase,P22748,1.0,,,11
4-Hydroxycinnamic acid,Abrus precatorius,637542,OC(=O)/C=C/c1ccc(cc1)O,SwissTargetPrediction,Carbonic anhydrase VB,CA5B,Q9Y2D0,CHEMBL3969,Lyase,Q9Y2D0,1.0,,,12
4-Hydroxycinnamic acid,Abrus precatorius,637542,OC(=O)/C=C/c1ccc(cc1)O,SwissTargetPrediction,Carbonic anhydrase VA,CA5A,P35218,CHEMBL4789,Lyase,P35218,1.0,,,13
4-Hydroxycinnamic acid,Abrus precatorius,637542,OC(=O)/C=C/c1ccc(cc1)O,SwissTargetPrediction,Macrophage migration inhibitory factor,MIF,P14174,CHEMBL2085,Enzyme,P14174,0.258510080397,,,14
4-Hydroxycinnamic acid,Abrus precatorius,637542,OC(=O)/C=C/c1ccc(cc1)O,SwissTargetPrediction,Arachidonate 5-lipoxygenase,ALOX5,P09917,CHEMBL215,Oxidoreductase,P09917,0.208479014792,,,15
