"from","to","weight"
"CFTR","PSMA4",904
"CFTR","PSMA4",904
"CFTR","PSMA3",934
"CFTR","PSMA3",934
"PSMA4","PSMA3",999
"PSMA4","PSMA3",999
"MMP11","MMP2",733
"MMP11","MMP2",733
"CFTR","PSMA2",904
"CFTR","PSMA2",904
"PSMA4","PSMA2",999
"PSMA4","PSMA2",999
"PSMA3","PSMA2",999
"PSMA3","PSMA2",999
"PON1","MPO",923
"PON1","MPO",923
"PSMA4","NFKB1",953
"PSMA4","NFKB1",953
"TNFRSF1A","NFKB1",952
"TNFRSF1A","NFKB1",952
"PSMA3","NFKB1",931
"PSMA3","NFKB1",931
"PSMA2","NFKB1",931
"PSMA2","NFKB1",931
"LAP3","GCLC",903
"LAP3","GCLC",903
"LAP3","LNPEP",786
"LAP3","LNPEP",786
"NFKB1","NR3C1",978
"NFKB1","NR3C1",978
"PSMA3","HSPE1",752
"PSMA3","HSPE1",752
"PSMA4","ODC1",902
"PSMA4","ODC1",902
"PSMA3","ODC1",902
"PSMA3","ODC1",902
"PSMA2","ODC1",906
"PSMA2","ODC1",906
"CPB2","TTR",704
"CPB2","TTR",704
"NR3C1","AHR",733
"NR3C1","AHR",733
"GHSR","MC3R",914
"GHSR","MC3R",914
"SPR","TPH1",965
"SPR","TPH1",965
"CFTR","PRKAB2",819
"CFTR","PRKAB2",819
"CDC25B","CDK4",731
"CDC25B","CDK4",731
"CFTR","PSMB7",902
"CFTR","PSMB7",902
"PSMA4","PSMB7",999
"PSMA4","PSMB7",999
"PSMA3","PSMB7",999
"PSMA3","PSMB7",999
"PSMA2","PSMB7",999
"PSMA2","PSMB7",999
"NFKB1","PSMB7",918
"NFKB1","PSMB7",918
"ODC1","PSMB7",906
"ODC1","PSMB7",906
"MMP11","MMP7",703
"MMP11","MMP7",703
"TUBB1","KIF11",743
"TUBB1","KIF11",743
"CFTR","PSMA6",906
"CFTR","PSMA6",906
"PSMA4","PSMA6",999
"PSMA4","PSMA6",999
"PSMA3","PSMA6",999
"PSMA3","PSMA6",999
"PSMA2","PSMA6",999
"PSMA2","PSMA6",999
"NFKB1","PSMA6",931
"NFKB1","PSMA6",931
"ODC1","PSMA6",902
"ODC1","PSMA6",902
"PSMB7","PSMA6",999
"PSMB7","PSMA6",999
"ODC1","ARG2",987
"ODC1","ARG2",987
"IL2","PDGFRB",705
"IL2","PDGFRB",705
"CFTR","PSMB1",911
"CFTR","PSMB1",911
"PSMA4","PSMB1",999
"PSMA4","PSMB1",999
"PSMA3","PSMB1",999
"PSMA3","PSMB1",999
"PSMA2","PSMB1",999
"PSMA2","PSMB1",999
"NFKB1","PSMB1",935
"NFKB1","PSMB1",935
"ODC1","PSMB1",902
"ODC1","PSMB1",902
"PSMB7","PSMB1",999
"PSMB7","PSMB1",999
"PSMA6","PSMB1",999
"PSMA6","PSMB1",999
"SLC7A5","SLC1A1",796
"L-TYPE AMINO ACID TRANSPORTER 1","SLC1A1",796
"SLC7A5","SLC1A1",796
"L-TYPE AMINO ACID TRANSPORTER 1","SLC1A1",796
"HDAC7","EP300",979
"HDAC7","EP300",979
"HDAC10","EP300",833
"HDAC10","EP300",833
"HDAC5","EP300",858
"HDAC5","EP300",858
"NFKB1","EP300",992
"NFKB1","EP300",992
"NR3C1","EP300",997
"NR3C1","EP300",997
"AHR","EP300",791
"AHR","EP300",791
"TNFRSF1A","IL1B",837
"TNFRSF1A","IL1B",837
"MMP2","IL1B",776
"MMP2","IL1B",776
"MPO","IL1B",843
"MPO","IL1B",843
"NFKB1","IL1B",967
"NFKB1","IL1B",967
"IL2","IL1B",876
"IL2","IL1B",876
"MMP8","IL1B",763
"MMP8","IL1B",763
"MMP13","IL1B",828
"MMP13","IL1B",828
"EP300","IL1B",938
"EP300","IL1B",938
"EP300","BRD4",934
"EP300","BRD4",934
"GSK3A","AKT3",937
"GSK3A","AKT3",937
"PON1","BCHE",726
"PON1","BCHE",726
"SPR","PRKG2",903
"SPR","PRKG2",903
"HDAC5","HDAC4",898
"HDAC5","HDAC4",898
"EP300","HDAC4",903
"EP300","HDAC4",903
"EP300","THRA",749
"EP300","THRA",749
"MPO","ICAM1",740
"MPO","ICAM1",740
"IL2","ICAM1",733
"IL2","ICAM1",733
"IL1B","ICAM1",874
"IL1B","ICAM1",874
"SLC7A5","SLC1A3",737
"L-TYPE AMINO ACID TRANSPORTER 1","SLC1A3",737
"SLC7A5","SLC1A3",737
"L-TYPE AMINO ACID TRANSPORTER 1","SLC1A3",737
"TNFRSF1A","USP4",930
"TNFRSF1A","USP4",930
"CDC25B","CDK2",999
"CDC25B","CDK2",999
"CDK4","CDK2",922
"CDK4","CDK2",922
"KIF11","CDK2",727
"KIF11","CDK2",727
"EP300","CDK2",876
"EP300","CDK2",876
"HDAC7","NCOR1",940
"HDAC7","NCOR1",940
"HDAC10","NCOR1",825
"HDAC10","NCOR1",825
"HDAC5","NCOR1",995
"HDAC5","NCOR1",995
"NR3C1","NCOR1",985
"NR3C1","NCOR1",985
"NR0B2","NCOR1",798
"NR0B2","NCOR1",798
"EP300","NCOR1",988
"EP300","NCOR1",988
"HDAC4","NCOR1",999
"HDAC4","NCOR1",999
"THRA","NCOR1",997
"THRA","NCOR1",997
"HDAC7","CBX4",744
"HDAC7","CBX4",744
"CBX7","CBX4",918
"CBX7","CBX4",918
"HDAC5","CBX4",759
"HDAC5","CBX4",759
"CFTR","PSMB6",903
"CFTR","PSMB6",903
"PSMA4","PSMB6",999
"PSMA4","PSMB6",999
"PSMA3","PSMB6",999
"PSMA3","PSMB6",999
"PSMA2","PSMB6",999
"PSMA2","PSMB6",999
"NFKB1","PSMB6",916
"NFKB1","PSMB6",916
"ODC1","PSMB6",902
"ODC1","PSMB6",902
"PSMB7","PSMB6",999
"PSMB7","PSMB6",999
"PSMA6","PSMB6",999
"PSMA6","PSMB6",999
"PSMB1","PSMB6",999
"PSMB1","PSMB6",999
"CFTR","PSMA5",904
"CFTR","PSMA5",904
"PSMA4","PSMA5",999
"PSMA4","PSMA5",999
"PSMA3","PSMA5",999
"PSMA3","PSMA5",999
"PSMA2","PSMA5",999
"PSMA2","PSMA5",999
"NFKB1","PSMA5",927
"NFKB1","PSMA5",927
"ODC1","PSMA5",907
"ODC1","PSMA5",907
"PSMB7","PSMA5",999
"PSMB7","PSMA5",999
"PSMA6","PSMA5",999
"PSMA6","PSMA5",999
"PSMB1","PSMA5",999
"PSMB1","PSMA5",999
"PSMB6","PSMA5",999
"PSMB6","PSMA5",999
"LAP3","DNPEP",894
"LAP3","DNPEP",894
"ENPEP","DNPEP",774
"ENPEP","DNPEP",774
"HDAC7","EGFR",710
"HDAC7","EGFR",710
"TNFRSF1A","EGFR",847
"TNFRSF1A","EGFR",847
"MMP2","EGFR",707
"MMP2","EGFR",707
"CSK","EGFR",981
"CSK","EGFR",981
"IL2","EGFR",815
"IL2","EGFR",815
"NR3C1","EGFR",788
"NR3C1","EGFR",788
"KISS1R","EGFR",724
"KISS1R","EGFR",724
"ABCG2","EGFR",746
"ABCG2","EGFR",746
"PDGFRB","EGFR",946
"PDGFRB","EGFR",946
"TPH1","HTR2C",774
"TPH1","HTR2C",774
"HTR2B","HTR2C",868
"HTR2B","HTR2C",868
"SLC7A5","SLC1A2",740
"L-TYPE AMINO ACID TRANSPORTER 1","SLC1A2",740
"SLC7A5","SLC1A2",740
"L-TYPE AMINO ACID TRANSPORTER 1","SLC1A2",740
"SLC1A3","SLC1A2",841
"SLC1A3","SLC1A2",841
"SLC1A2","SLC7A11",809
"SLC1A2","SLC7A11",809
"SPR","QDPR",982
"SPR","QDPR",982
"TPH1","QDPR",962
"TPH1","QDPR",962
"DNPEP","QDPR",765
"DNPEP","QDPR",765
"EPHA1","EPHA4",907
"EPHA1","EPHA4",907
"PRKCG","GRIA4",965
"PRKCG","GRIA4",965
"SLC1A2","GRIA4",702
"SLC1A2","GRIA4",702
"IL1B","LY96",719
"IL1B","LY96",719
"GSK3A","APP",747
"GSK3A","APP",747
"PON1","APP",789
"PON1","APP",789
"NFKB1","APP",918
"NFKB1","APP",918
"TTR","APP",943
"TTR","APP",943
"CAPNS1","APP",702
"CAPNS1","APP",702
"EP300","APP",967
"EP300","APP",967
"BCHE","APP",735
"BCHE","APP",735
"IDE","APP",989
"IDE","APP",989
"EGFR","APP",823
"EGFR","APP",823
"SPR","AKR1B1",957
"SPR","ALDOSE REDUCTASE",957
"SPR","AKR1B1",957
"SPR","ALDOSE REDUCTASE",957
"TPH1","AKR1B1",929
"TPH1","ALDOSE REDUCTASE",929
"TPH1","AKR1B1",929
"TPH1","ALDOSE REDUCTASE",929
"G6PC","AKR1B1",837
"G6PC","ALDOSE REDUCTASE",837
"G6PC","AKR1B1",837
"G6PC","ALDOSE REDUCTASE",837
"QDPR","AKR1B1",943
"QDPR","ALDOSE REDUCTASE",943
"QDPR","AKR1B1",943
"QDPR","ALDOSE REDUCTASE",943
"TNFRSF1A","CASP10",894
"TNFRSF1A","CASP10",894
"HDAC7","PPARG",707
"HDAC7","PPARG",707
"TNFRSF1A","PPARG",932
"TNFRSF1A","PPARG",932
"HDAC5","PPARG",750
"HDAC5","PPARG",750
"NFKB1","PPARG",954
"NFKB1","PPARG",954
"EP300","PPARG",999
"EP300","PPARG",999
"IL1B","PPARG",745
"IL1B","PPARG",745
"NCOR1","PPARG",999
"NCOR1","PPARG",999
"PRKAB2","HMGCR",825
"PRKAB2","HMGCR",825
"SPR","CBR1",973
"SPR","CBR1",973
"AKR1B1","CBR1",957
"ALDOSE REDUCTASE","CBR1",957
"AKR1B1","CBR1",957
"ALDOSE REDUCTASE","CBR1",957
"CFTR","PSMB4",908
"CFTR","PSMB4",908
"PSMA4","PSMB4",999
"PSMA4","PSMB4",999
"PSMA3","PSMB4",999
"PSMA3","PSMB4",999
"PSMA2","PSMB4",999
"PSMA2","PSMB4",999
"NFKB1","PSMB4",917
"NFKB1","PSMB4",917
"ODC1","PSMB4",910
"ODC1","PSMB4",910
"PSMB7","PSMB4",999
"PSMB7","PSMB4",999
"PSMA6","PSMB4",999
"PSMA6","PSMB4",999
"PSMB1","PSMB4",999
"PSMB1","PSMB4",999
"PSMB6","PSMB4",999
"PSMB6","PSMB4",999
"PSMA5","PSMB4",999
"PSMA5","PSMB4",999
"REN","ACE",967
"REN","ACE",967
"PPARG","ACE",785
"PPARG","ACE",785
"CPA1","CELA1",711
"CPA1","CELA1",711
"IL1B","VCAM1",830
"IL1B","VCAM1",830
"ICAM1","VCAM1",930
"ICAM1","VCAM1",930
"CAPNS1","CAPN2",995
"CAPNS1","CAPN2",995
"APP","CAPN2",725
"APP","CAPN2",725
"GABRB2","GABRB1",830
"GABRB2","GABRB1",830
"LAP3","RNPEP",786
"LAP3","RNPEP",786
"DNPEP","RNPEP",780
"DNPEP","RNPEP",780
"EP300","HDAC11",886
"EP300","HDAC11",886
"NCOR1","HDAC11",845
"NCOR1","HDAC11",845
"CPA1","CPA3",828
"CPA1","CPA3",828
"PRKCG","GRIA2",968
"PRKCG","GRIA2",968
"SLC1A2","GRIA2",744
"SLC1A2","GRIA2",744
"GRIA4","GRIA2",958
"GRIA4","GRIA2",958
"TNFRSF1A","ERAP1",914
"TNFRSF1A","ERAP1",914
"SPR","NOS3",805
"SPR","NOS3",805
"ARG2","NOS3",973
"ARG2","NOS3",973
"EP300","NOS3",926
"EP300","NOS3",926
"NOX4","NOS3",741
"NOX4","NOS3",741
"AKT3","NOS3",857
"AKT3","NOS3",857
"ICAM1","NOS3",731
"ICAM1","NOS3",731
"REN","NOS3",769
"REN","NOS3",769
"ACE","NOS3",804
"ACE","NOS3",804
"VCAM1","NOS3",757
"VCAM1","NOS3",757
"TPH1","SLC18A2",742
"TPH1","SLC18A2",742
"EGFR","LRRK2",725
"EGFR","LRRK2",725
"APP","LRRK2",707
"APP","LRRK2",707
"IL1B","MMP3",825
"IL1B","MMP3",825
"EGFR","MMP3",838
"EGFR","MMP3",838
"MPO","ANPEP",749
"MPO","ANPEP",749
"LAP3","ANPEP",957
"LAP3","ANPEP",957
"GCLC","ANPEP",934
"GCLC","ANPEP",934
"KIT","ANPEP",759
"KIT","ANPEP",759
"CA12","CA4",710
"CA12","CARBONIC ANHYDRASE IV",710
"CARBONIC ANHYDRASE XII","CA4",710
"CARBONIC ANHYDRASE XII","CARBONIC ANHYDRASE IV",710
"CA12","CA4",710
"CA12","CARBONIC ANHYDRASE IV",710
"CARBONIC ANHYDRASE XII","CA4",710
"CARBONIC ANHYDRASE XII","CARBONIC ANHYDRASE IV",710
"MTNR1B","MTNR1A",891
"MTNR1B","MTNR1A",891
"PTGER2","PTGER4",854
"PTGER2","PTGER4",854
"HDAC7","HDAC3",975
"HDAC7","HDAC3",975
"TNFRSF1A","HDAC3",903
"TNFRSF1A","HDAC3",903
"HDAC5","HDAC3",954
"HDAC5","HDAC3",954
"NFKB1","HDAC3",976
"NFKB1","HDAC3",976
"EP300","HDAC3",988
"EP300","HDAC3",988
"HDAC4","HDAC3",993
"HDAC4","HDAC3",993
"THRA","HDAC3",755
"THRA","HDAC3",755
"NCOR1","HDAC3",999
"NCOR1","HDAC3",999
"CBX4","HDAC3",804
"CBX4","HDAC3",804
"PPARG","HDAC3",997
"PPARG","HDAC3",997
"APP","ACHE",952
"APP","ACHE",952
"MMP2","BMP1",719
"MMP2","BMP1",719
"NR3C1","FOS",973
"NR3C1","FOS",973
"EP300","FOS",998
"EP300","FOS",998
"PRKCG","FOS",880
"PRKCG","FOS",880
"EGFR","FOS",977
"EGFR","FOS",977
"PPARG","FOS",960
"PPARG","FOS",960
"TNFRSF1A","CXCL8",728
"TNFRSF1A","CXCL8",728
"MIF","CXCL8",730
"MIF","CXCL8",730
"MPO","CXCL8",771
"MPO","CXCL8",771
"NFKB1","CXCL8",958
"NFKB1","CXCL8",958
"IL2","CXCL8",873
"IL2","CXCL8",873
"EP300","CXCL8",951
"EP300","CXCL8",951
"IL1B","CXCL8",998
"IL1B","CXCL8",998
"ICAM1","CXCL8",883
"ICAM1","CXCL8",883
"VCAM1","CXCL8",821
"VCAM1","CXCL8",821
"MMP3","CXCL8",734
"MMP3","CXCL8",734
"MMP2","MMP14",923
"MMP2","MMP14",923
"MMP15","MMP14",906
"MMP15","MMP14",906
"MMP13","MMP14",931
"MMP13","MMP14",931
"EGFR","MMP14",745
"EGFR","MMP14",745
"NFKB1","TERT",914
"NFKB1","TERT",914
"IL2","TERT",929
"IL2","TERT",929
"CDK4","TERT",704
"CDK4","TERT",704
"CDK2","TERT",947
"CDK2","TERT",947
"TNFRSF1A","ADAM17",824
"TNFRSF1A","ADAM17",824
"EGFR","ADAM17",949
"EGFR","ADAM17",949
"APP","ADAM17",782
"APP","ADAM17",782
"CFTR","PSMA8",914
"CFTR","PSMA8",914
"PSMA4","PSMA8",997
"PSMA4","PSMA8",997
"PSMA3","PSMA8",997
"PSMA3","PSMA8",997
"PSMA2","PSMA8",997
"PSMA2","PSMA8",997
"NFKB1","PSMA8",911
"NFKB1","PSMA8",911
"ODC1","PSMA8",900
"ODC1","PSMA8",900
"PSMB7","PSMA8",998
"PSMB7","PSMA8",998
"PSMA6","PSMA8",997
"PSMA6","PSMA8",997
"PSMB1","PSMA8",999
"PSMB1","PSMA8",999
"PSMB6","PSMA8",999
"PSMB6","PSMA8",999
"PSMA5","PSMA8",997
"PSMA5","PSMA8",997
"PSMB4","PSMA8",999
"PSMB4","PSMA8",999
"LNPEP","TNKS",988
"LNPEP","TNKS",988
"TERT","TNKS",944
"TERT","TNKS",944
"EP300","CTBP2",918
"EP300","CTBP2",918
"PDGFRB","PTPN2",933
"PDGFRB","PTPN2",933
"EGFR","PTPN2",984
"EGFR","PTPN2",984
"PRKAB2","CAMKK2",970
"PRKAB2","CAMKK2",970
"AKT3","PRKDC",817
"AKT3","PRKDC",817
"EGFR","PRKDC",990
"EGFR","PRKDC",990
"LRRK2","PRKDC",786
"LRRK2","PRKDC",786
"GABRB2","ALDH5A1",780
"GABRB2","ALDH5A1",780
"EGFR","EDNRA",936
"EGFR","EDNRA",936
"TPH1","HTR1A",859
"TPH1","HTR1A",859
"SLC18A2","HTR1A",721
"SLC18A2","HTR1A",721
"PSMA3","RUVBL1",750
"PSMA3","RUVBL1",750
"TERT","RUVBL1",994
"TERT","RUVBL1",994
"IDE","BACE1",817
"IDE","BACE1",817
"APP","BACE1",999
"APP","BACE1",999
"ADAM17","BACE1",776
"ADAM17","BACE1",776
"GCLC","NQO1",895
"GCLC","NQO1",895
"ODC1","NQO1",890
"ODC1","NQO1",890
"GSTM1","NQO1",740
"GSTM1","NQO1",740
"MMP11","MMP1",913
"MMP11","MMP1",913
"MMP2","MMP1",921
"MMP2","MMP1",921
"MMP7","MMP1",926
"MMP7","MMP1",926
"IL1B","MMP1",770
"IL1B","MMP1",770
"MMP3","MMP1",953
"MMP3","MMP1",953
"CXCL8","MMP1",759
"CXCL8","MMP1",759
"GSK3A","GSK3B",935
"GSK3A","GSK3B",935
"NR3C1","GSK3B",931
"NR3C1","GSK3B",931
"PIN1","GSK3B",953
"PIN1","GSK3B",953
"CDK4","GSK3B",923
"CDK4","GSK3B",923
"AKT3","GSK3B",966
"AKT3","GSK3B",966
"APP","GSK3B",936
"APP","GSK3B",936
"LRRK2","GSK3B",890
"LRRK2","GSK3B",890
"NR0B2","NOS2",912
"NR0B2","NOS2",912
"ARG2","NOS2",972
"ARG2","NOS2",972
"IL1B","NOS2",813
"IL1B","NOS2",813
"AKT3","NOS2",818
"AKT3","NOS2",818
"IDE","NOS2",907
"IDE","NOS2",907
"NOS3","NOS2",837
"NOS3","NOS2",837
"NOX4","P4HB",802
"NOX4","P4HB",802
"PPIB","P4HB",994
"PPIB","P4HB",994
"SPR","TPH2",938
"SPR","TPH2",938
"TPH1","TPH2",814
"TPH1","TPH2",814
"QDPR","TPH2",940
"QDPR","TPH2",940
"AKR1B1","TPH2",902
"ALDOSE REDUCTASE","TPH2",902
"AKR1B1","TPH2",902
"ALDOSE REDUCTASE","TPH2",902
"HTR1A","TPH2",814
"HTR1A","TPH2",814
"AKT3","CASP9",939
"AKT3","CASP9",939
"IL1B","SELE",758
"IL1B","SELE",758
"ICAM1","SELE",916
"ICAM1","SELE",916
"VCAM1","SELE",924
"VCAM1","SELE",924
"CXCL8","SELE",775
"CXCL8","SELE",775
"EPHA8","EPHB3",765
"EPHA8","EPHB3",765
"MMP2","EPHB3",928
"MMP2","EPHB3",928
"EP300","RARB",939
"EP300","RARB",939
"THRA","RARB",906
"THRA","RARB",906
"NCOR1","RARB",756
"NCOR1","RARB",756
"HDAC3","RARB",907
"HDAC3","RARB",907
"CFTR","HDAC6",933
"CFTR","HDAC6",933
"NR3C1","HDAC6",969
"NR3C1","HDAC6",969
"EP300","HDAC6",986
"EP300","HDAC6",986
"NCOR1","HDAC6",922
"NCOR1","HDAC6",922
"EGFR","HDAC6",883
"EGFR","HDAC6",883
"HDAC11","HDAC6",956
"HDAC11","HDAC6",956
"CPB2","F3",720
"CPB2","F3",720
"VCAM1","F3",713
"VCAM1","F3",713
"SELE","F3",715
"SELE","F3",715
"DRD4","GNG2",703
"DRD4","GNG2",703
"HDAC5","GNG2",921
"HDAC5","GNG2",921
"PRKCG","GNG2",721
"PRKCG","GNG2",721
"NOS3","GNG2",907
"NOS3","GNG2",907
"CXCL8","GNG2",980
"CXCL8","GNG2",980
"PRKCH","GNG2",744
"PRKCH","GNG2",744
"CCKAR","CCKBR",846
"CCKAR","CCKBR",846
"EPHA1","EPHA3",906
"EPHA1","EPHA3",906
"EPHA4","EPHA3",904
"EPHA4","EPHA3",904
"MMP15","MMP25",908
"MMP15","MMP25",908
"MMP14","MMP25",908
"MMP14","MMP25",908
"CSK","LCK",955
"CSK","LCK",955
"NFKB1","LCK",927
"NFKB1","LCK",927
"IL2","LCK",974
"IL2","LCK",974
"PDGFRB","LCK",919
"PDGFRB","LCK",919
"AKT3","LCK",716
"AKT3","LCK",716
"EGFR","LCK",932
"EGFR","LCK",932
"EPHA1","LCK",911
"EPHA1","LCK",911
"EPHA4","LCK",905
"EPHA4","LCK",905
"KIT","LCK",778
"KIT","LCK",778
"CAPN2","LCK",901
"CAPN2","LCK",901
"GNG2","LCK",901
"GNG2","LCK",901
"EPHA3","LCK",906
"EPHA3","LCK",906
"TTR","SNCA",829
"TTR","SNCA",829
"EGFR","SNCA",716
"EGFR","SNCA",716
"APP","SNCA",987
"APP","SNCA",987
"SLC18A2","SNCA",954
"SLC18A2","SNCA",954
"LRRK2","SNCA",989
"LRRK2","SNCA",989
"GSK3B","SNCA",722
"GSK3B","SNCA",722
"LCK","SNCA",911
"LCK","SNCA",911
"HDAC5","CAMK2D",923
"HDAC5","CAMK2D",923
"EP300","CAMK2D",817
"EP300","CAMK2D",817
"HDAC4","CAMK2D",724
"HDAC4","CAMK2D",724
"GRIA4","CAMK2D",930
"GRIA4","CAMK2D",930
"GRIA2","CAMK2D",929
"GRIA2","CAMK2D",929
"NOS3","CAMK2D",817
"NOS3","CAMK2D",817
"DRD4","MAOA",831
"DRD4","MAOA",831
"TPH1","MAOA",838
"TPH1","MAOA",838
"SLC18A2","MAOA",723
"SLC18A2","MAOA",723
"HTR1A","MAOA",772
"HTR1A","MAOA",772
"TUBB1","MAPT",835
"TUBB1","MAPT",835
"GSK3A","MAPT",967
"GSK3A","MAPT",967
"PIN1","MAPT",814
"PIN1","MAPT",814
"PRKAB2","MAPT",900
"PRKAB2","MAPT",900
"PRKX","MAPT",710
"PRKX","MAPT",710
"EP300","MAPT",742
"EP300","MAPT",742
"EGFR","MAPT",752
"EGFR","MAPT",752
"APP","MAPT",969
"APP","MAPT",969
"LRRK2","MAPT",932
"LRRK2","MAPT",932
"BACE1","MAPT",747
"BACE1","MAPT",747
"GSK3B","MAPT",999
"GSK3B","MAPT",999
"HDAC6","MAPT",857
"HDAC6","MAPT",857
"LCK","MAPT",740
"LCK","MAPT",740
"SNCA","MAPT",988
"SNCA","MAPT",988
"CAMK2D","MAPT",923
"CAMK2D","MAPT",923
"CSK","PTPN11",936
"CSK","PTPN11",936
"IL2","PTPN11",947
"IL2","PTPN11",947
"NR0B2","PTPN11",825
"NR0B2","PTPN11",825
"PDGFRB","PTPN11",998
"PDGFRB","PTPN11",998
"ICAM1","PTPN11",753
"ICAM1","PTPN11",753
"EGFR","PTPN11",999
"EGFR","PTPN11",999
"LY96","PTPN11",905
"LY96","PTPN11",905
"KIT","PTPN11",990
"KIT","PTPN11",990
"NOS3","PTPN11",952
"NOS3","PTPN11",952
"PTPN2","PTPN11",927
"PTPN2","PTPN11",927
"GNG2","PTPN11",900
"GNG2","PTPN11",900
"CCKBR","PTPN11",813
"CCKBR","PTPN11",813
"LCK","PTPN11",946
"LCK","PTPN11",946
"NR0B2","ESR2",952
"NR0B2","ESR2",952
"EP300","ESR2",830
"EP300","ESR2",830
"NCOR1","ESR2",980
"NCOR1","ESR2",980
"EGFR","ESR2",759
"EGFR","ESR2",759
"NOS3","ESR2",984
"NOS3","ESR2",984
"FOS","ESR2",970
"FOS","ESR2",970
"GNG2","ESR2",900
"GNG2","ESR2",900
"IMPDH2","IMPDH1",974
"IMPDH2","IMPDH1",974
"APP","CTSB",778
"APP","CTSB",778
"CTSL","CTSB",915
"CTSL","CTSB",915
"CFTR","PRKAA1",960
"CFTR","PRKAA1",960
"PRKAB2","PRKAA1",999
"PRKAB2","PRKAA1",999
"HMGCR","PRKAA1",881
"HMGCR","PRKAA1",881
"CAMKK2","PRKAA1",970
"CAMKK2","PRKAA1",970
"MAPT","PRKAA1",913
"MAPT","PRKAA1",913
"CSK","FYN",981
"CSK","FYN",981
"IL2","FYN",949
"IL2","FYN",949
"PDGFRB","FYN",980
"PDGFRB","FYN",980
"AKT3","FYN",757
"AKT3","FYN",757
"EGFR","FYN",938
"EGFR","FYN",938
"EPHA1","FYN",918
"EPHA1","FYN",918
"EPHA4","FYN",956
"EPHA4","FYN",956
"APP","FYN",812
"APP","FYN",812
"KIT","FYN",786
"KIT","FYN",786
"CAPN2","FYN",911
"CAPN2","FYN",911
"GSK3B","FYN",923
"GSK3B","FYN",923
"EPHB3","FYN",774
"EPHB3","FYN",774
"EPHA3","FYN",933
"EPHA3","FYN",933
"LCK","FYN",930
"LCK","FYN",930
"SNCA","FYN",983
"SNCA","FYN",983
"MAPT","FYN",997
"MAPT","FYN",997
"PTPN11","FYN",974
"PTPN11","FYN",974
"NOS3","PDE5A",736
"NOS3","PDE5A",736
"C3AR1","C5AR1",706
"C3AR1","C5AR1",706
"CDK4","BLOOM SYNDROME PROTEIN",845
"CDK4","BLOOM SYNDROME PROTEIN",845
"CDK2","BLOOM SYNDROME PROTEIN",811
"CDK2","BLOOM SYNDROME PROTEIN",811
"TERT","BLOOM SYNDROME PROTEIN",759
"TERT","BLOOM SYNDROME PROTEIN",759
"CHOLESTEROL 24-HYDROXYLASE","DHCR7",922
"CHOLESTEROL 24-HYDROXYLASE","DHCR7",922
"SIGMAR1","DHCR7",843
"SIGMAR1","DHCR7",843
"HMGCR","DHCR7",854
"HMGCR","DHCR7",854
"CAMK2D","CACNA2D1",700
"CAMK2D","CACNA2D1",700
"ODC1","ARG1",985
"ODC1","ARG1",985
"ARG2","ARG1",880
"ARG2","ARG1",880
"IL1B","ARG1",751
"IL1B","ARG1",751
"NOS3","ARG1",966
"NOS3","ARG1",966
"NOS2","ARG1",983
"NOS2","ARG1",983
"EGFR","CALM1",915
"EGFR","CALM1",915
"NOS3","CALM1",997
"NOS3","CALM1",997
"CAMKK2","CALM1",794
"CAMKK2","CALM1",794
"NOS2","CALM1",981
"NOS2","CALM1",981
"SNCA","CALM1",942
"SNCA","CALM1",942
"CAMK2D","CALM1",908
"CAMK2D","CALM1",908
"MAPT","CALM1",838
"MAPT","CALM1",838
"NR3C1","NR3C2",814
"NR3C1","NR3C2",814
"REN","NR3C2",863
"REN","NR3C2",863
"ACE","NR3C2",863
"ACE","NR3C2",863
"CFTR","PSMB10",902
"CFTR","PSMB10",902
"PSMA4","PSMB10",998
"PSMA4","PSMB10",998
"PSMA3","PSMB10",999
"PSMA3","PSMB10",999
"PSMA2","PSMB10",999
"PSMA2","PSMB10",999
"NFKB1","PSMB10",920
"NFKB1","PSMB10",920
"ODC1","PSMB10",910
"ODC1","PSMB10",910
"PSMB7","PSMB10",902
"PSMB7","PSMB10",902
"PSMA6","PSMB10",999
"PSMA6","PSMB10",999
"PSMB1","PSMB10",999
"PSMB1","PSMB10",999
"PSMB6","PSMB10",996
"PSMB6","PSMB10",996
"PSMA5","PSMB10",998
"PSMA5","PSMB10",998
"PSMB4","PSMB10",999
"PSMB4","PSMB10",999
"PSMA8","PSMB10",989
"PSMA8","PSMB10",989
"SPR","AKR1B10",910
"SPR","AKR1B10",910
"TPH1","AKR1B10",902
"TPH1","AKR1B10",902
"G6PC","AKR1B10",817
"G6PC","AKR1B10",817
"QDPR","AKR1B10",926
"QDPR","AKR1B10",926
"AKR1B1","AKR1B10",908
"ALDOSE REDUCTASE","AKR1B10",908
"AKR1B1","AKR1B10",908
"ALDOSE REDUCTASE","AKR1B10",908
"CBR1","AKR1B10",910
"CBR1","AKR1B10",910
"TPH2","AKR1B10",902
"TPH2","AKR1B10",902
"CFTR","SCNN1A",871
"CFTR","SCNN1A",871
"SGK2","SCNN1A",907
"SGK2","SCNN1A",907
"FOLH1","DPP4",744
"FOLH1","DPP4",744
"DNPEP","DPP4",759
"DNPEP","DPP4",759
"ACE","DPP4",761
"ACE","DPP4",761
"ANPEP","DPP4",783
"ANPEP","DPP4",783
"MMP15","MMP17",914
"MMP15","MMP17",914
"MMP14","MMP17",911
"MMP14","MMP17",911
"MMP25","MMP17",905
"MMP25","MMP17",905
"IL1B","TLR9",916
"IL1B","TLR9",916
"LY96","TLR9",725
"LY96","TLR9",725
"CPA1","CTRB1",951
"CPA1","CTRB1",951
"MMP3","CTRB1",900
"MMP3","CTRB1",900
"TNFRSF1A","STAT1",958
"TNFRSF1A","STAT1",958
"LAP3","STAT1",745
"LAP3","STAT1",745
"IL2","STAT1",968
"IL2","STAT1",968
"NR3C1","STAT1",796
"NR3C1","STAT1",796
"AHR","STAT1",990
"AHR","STAT1",990
"PDGFRB","STAT1",977
"PDGFRB","STAT1",977
"EP300","STAT1",999
"EP300","STAT1",999
"IL1B","STAT1",746
"IL1B","STAT1",746
"HDAC4","STAT1",825
"HDAC4","STAT1",825
"EGFR","STAT1",996
"EGFR","STAT1",996
"PPARG","STAT1",854
"PPARG","STAT1",854
"KIT","STAT1",909
"KIT","STAT1",909
"FOS","STAT1",941
"FOS","STAT1",941
"PTPN2","STAT1",996
"PTPN2","STAT1",996
"GSK3B","STAT1",785
"GSK3B","STAT1",785
"NOS2","STAT1",959
"NOS2","STAT1",959
"LCK","STAT1",959
"LCK","STAT1",959
"CAMK2D","STAT1",918
"CAMK2D","STAT1",918
"PTPN11","STAT1",990
"PTPN11","STAT1",990
"FYN","STAT1",953
"FYN","STAT1",953
"SIGMAR1","DRD2",983
"SIGMAR1","DRD2",983
"SLC18A2","DRD2",736
"SLC18A2","DRD2",736
"ADORA2A","DRD2",865
"ADORA2A","DRD2",865
"MAOA","DRD2",757
"MAOA","DRD2",757
"CFTR","PSMB5",903
"CFTR","PSMB5",903
"PSMA4","PSMB5",999
"PSMA4","PSMB5",999
"PSMA3","PSMB5",999
"PSMA3","PSMB5",999
"PSMA2","PSMB5",999
"PSMA2","PSMB5",999
"NFKB1","PSMB5",921
"NFKB1","PSMB5",921
"ODC1","PSMB5",906
"ODC1","PSMB5",906
"PSMB7","PSMB5",999
"PSMB7","PSMB5",999
"PSMA6","PSMB5",999
"PSMA6","PSMB5",999
"PSMB1","PSMB5",999
"PSMB1","PSMB5",999
"PSMB6","PSMB5",999
"PSMB6","PSMB5",999
"PSMA5","PSMB5",999
"PSMA5","PSMB5",999
"PSMB4","PSMB5",999
"PSMB4","PSMB5",999
"PSMA8","PSMB5",997
"PSMA8","PSMB5",997
"PSMB10","PSMB5",995
"PSMB10","PSMB5",995
"KYNU","KMO",999
"KYNU","KMO",999
"IDE","GNPAT",904
"IDE","GNPAT",904
"NOS2","GNPAT",905
"NOS2","GNPAT",905
"NR0B2","ESRRG",912
"NR0B2","ESRRG",912
"OPRD1","ADORA1",828
"OPRD1","ADORA1",828
"GNG2","ADORA1",800
"GNG2","ADORA1",800
"ADORA2A","ADORA1",899
"ADORA2A","ADORA1",899
"HDAC4","KDM5B",963
"HDAC4","KDM5B",963
"MMP13","ADAMTS4",872
"MMP13","ADAMTS4",872
"MMP3","ADAMTS4",840
"MMP3","ADAMTS4",840
"CA4","CA14",713
"CA4","CARBONIC ANHYDRASE XIV",713
"CARBONIC ANHYDRASE IV","CA14",713
"CARBONIC ANHYDRASE IV","CARBONIC ANHYDRASE XIV",713
"CA4","CA14",713
"CA4","CARBONIC ANHYDRASE XIV",713
"CARBONIC ANHYDRASE IV","CA14",713
"CARBONIC ANHYDRASE IV","CARBONIC ANHYDRASE XIV",713
"TNFRSF1A","EPHA7",715
"TNFRSF1A","EPHA7",715
"EPHA4","EPHA7",917
"EPHA4","EPHA7",917
"EPHA3","EPHA7",967
"EPHA3","EPHA7",967
"LCK","EPHA7",904
"LCK","EPHA7",904
"FYN","EPHA7",911
"FYN","EPHA7",911
"TPH1","HTR1B",716
"TPH1","HTR1B",716
"GNG2","HTR1B",977
"GNG2","HTR1B",977
"MAOA","HTR1B",708
"MAOA","HTR1B",708
"GNG2","NTSR1",952
"GNG2","NTSR1",952
"NMBR","BRS3",816
"NMBR","BRS3",816
"CFTR","PSMA7",917
"CFTR","PSMA7",917
"PSMA4","PSMA7",999
"PSMA4","PSMA7",999
"PSMA3","PSMA7",999
"PSMA3","PSMA7",999
"PSMA2","PSMA7",999
"PSMA2","PSMA7",999
"NFKB1","PSMA7",931
"NFKB1","PSMA7",931
"ODC1","PSMA7",905
"ODC1","PSMA7",905
"PSMB7","PSMA7",999
"PSMB7","PSMA7",999
"PSMA6","PSMA7",999
"PSMA6","PSMA7",999
"PSMB1","PSMA7",999
"PSMB1","PSMA7",999
"PSMB6","PSMA7",999
"PSMB6","PSMA7",999
"PSMA5","PSMA7",999
"PSMA5","PSMA7",999
"PSMB4","PSMA7",999
"PSMB4","PSMA7",999
"PSMA8","PSMA7",922
"PSMA8","PSMA7",922
"PSMB10","PSMA7",996
"PSMB10","PSMA7",996
"PSMB5","PSMA7",999
"PSMB5","PSMA7",999
"TNFRSF1A","XIAP",845
"TNFRSF1A","XIAP",845
"USP4","XIAP",917
"USP4","XIAP",917
"CASP10","XIAP",902
"CASP10","XIAP",902
"CASP9","XIAP",999
"CASP9","XIAP",999
"CTSB","XIAP",715
"CTSB","XIAP",715
"HDAC7","JUN",760
"HDAC7","JUN",760
"HDAC5","JUN",766
"HDAC5","JUN",766
"IL2","JUN",969
"IL2","JUN",969
"NR3C1","JUN",998
"NR3C1","JUN",998
"NR0B2","JUN",768
"NR0B2","JUN",768
"CDK4","JUN",708
"CDK4","JUN",708
"EP300","JUN",999
"EP300","JUN",999
"IL1B","JUN",957
"IL1B","JUN",957
"AKT3","JUN",888
"AKT3","JUN",888
"CDK2","JUN",765
"CDK2","JUN",765
"NCOR1","JUN",926
"NCOR1","JUN",926
"EGFR","JUN",764
"EGFR","JUN",764
"APP","JUN",793
"APP","JUN",793
"PPARG","JUN",984
"PPARG","JUN",984
"NOS3","JUN",958
"NOS3","JUN",958
"HDAC3","JUN",940
"HDAC3","JUN",940
"FOS","JUN",999
"FOS","JUN",999
"CXCL8","JUN",957
"CXCL8","JUN",957
"MMP1","JUN",853
"MMP1","JUN",853
"GSK3B","JUN",990
"GSK3B","JUN",990
"NOS2","JUN",956
"NOS2","JUN",956
"CASP9","JUN",782
"CASP9","JUN",782
"ESR2","JUN",958
"ESR2","JUN",958
"STAT1","JUN",839
"STAT1","JUN",839
"FAP","DPP7",750
"FAP","DPP7",750
"DPP9","DPP7",862
"DPP9","DPP7",862
"DPP8","DPP7",873
"DPP8","DPP7",873
"DPP4","DPP7",799
"DPP4","DPP7",799
"PDGFRB","PTPN1",975
"PDGFRB","PTPN1",975
"NOX4","PTPN1",951
"NOX4","PTPN1",951
"EGFR","PTPN1",999
"EGFR","PTPN1",999
"PTPN11","PTPN1",863
"PTPN11","PTPN1",863
"LNPEP","TNKS2",965
"LNPEP","TNKS2",965
"TNKS","TNKS2",921
"TNKS","TNKS2",921
"PARP10","TNKS2",703
"PARP10","TNKS2",703
"MMP2","MMP9",908
"MMP2","MMP9",908
"MPO","MMP9",727
"MPO","MMP9",727
"NMBR","MMP9",708
"NMBR","MMP9",708
"IL1B","MMP9",882
"IL1B","MMP9",882
"ICAM1","MMP9",781
"ICAM1","MMP9",781
"EGFR","MMP9",733
"EGFR","MMP9",733
"VCAM1","MMP9",728
"VCAM1","MMP9",728
"MMP3","MMP9",918
"MMP3","MMP9",918
"CXCL8","MMP9",871
"CXCL8","MMP9",871
"MMP1","MMP9",961
"MMP1","MMP9",961
"EPHB3","MMP9",903
"EPHB3","MMP9",903
"CTSL","MMP9",729
"CTSL","MMP9",729
"CTSB","MMP9",823
"CTSB","MMP9",823
"CTRB1","MMP9",902
"CTRB1","MMP9",902
"JUN","MMP9",849
"JUN","MMP9",849
"GRIK5","GRIK3",762
"GRIK5","GRIK3",762
"CFTR","PSMB2",903
"CFTR","PSMB2",903
"PSMA4","PSMB2",999
"PSMA4","PSMB2",999
"PSMA3","PSMB2",999
"PSMA3","PSMB2",999
"PSMA2","PSMB2",999
"PSMA2","PSMB2",999
"NFKB1","PSMB2",931
"NFKB1","PSMB2",931
"ODC1","PSMB2",904
"ODC1","PSMB2",904
"PSMB7","PSMB2",999
"PSMB7","PSMB2",999
"PSMA6","PSMB2",999
"PSMA6","PSMB2",999
"PSMB1","PSMB2",999
"PSMB1","PSMB2",999
"PSMB6","PSMB2",999
"PSMB6","PSMB2",999
"PSMA5","PSMB2",999
"PSMA5","PSMB2",999
"PSMB4","PSMB2",999
"PSMB4","PSMB2",999
"PSMA8","PSMB2",999
"PSMA8","PSMB2",999
"PSMB10","PSMB2",999
"PSMB10","PSMB2",999
"PSMB5","PSMB2",999
"PSMB5","PSMB2",999
"PSMA7","PSMB2",999
"PSMA7","PSMB2",999
"AKR1B1","GLO1",754
"ALDOSE REDUCTASE","GLO1",754
"AKR1B1","GLO1",754
"ALDOSE REDUCTASE","GLO1",754
"MAOA","GLO1",837
"MAOA","GLO1",837
"FOS","PIM1",912
"FOS","PIM1",912
"HDAC7","HDAC1",853
"HDAC7","HDAC1",853
"HDAC5","HDAC1",835
"HDAC5","HDAC1",835
"NFKB1","HDAC1",996
"NFKB1","HDAC1",996
"NR3C1","HDAC1",939
"NR3C1","HDAC1",939
"NR0B2","HDAC1",984
"NR0B2","HDAC1",984
"CDK4","HDAC1",965
"CDK4","HDAC1",965
"EP300","HDAC1",999
"EP300","HDAC1",999
"CDK2","HDAC1",957
"CDK2","HDAC1",957
"NCOR1","HDAC1",999
"NCOR1","HDAC1",999
"CBX4","HDAC1",783
"CBX4","HDAC1",783
"PPARG","HDAC1",929
"PPARG","HDAC1",929
"GRIA2","HDAC1",915
"GRIA2","HDAC1",915
"HDAC3","HDAC1",937
"HDAC3","HDAC1",937
"FOS","HDAC1",789
"FOS","HDAC1",789
"TERT","HDAC1",942
"TERT","HDAC1",942
"CTBP2","HDAC1",975
"CTBP2","HDAC1",975
"RUVBL1","HDAC1",814
"RUVBL1","HDAC1",814
"RARB","HDAC1",928
"RARB","HDAC1",928
"STAT1","HDAC1",957
"STAT1","HDAC1",957
"KDM5B","HDAC1",927
"KDM5B","HDAC1",927
"JUN","HDAC1",958
"JUN","HDAC1",958
"EP300","HDAC8",856
"EP300","HDAC8",856
"NCOR1","HDAC8",858
"NCOR1","HDAC8",858
"LTA4H","ALOX5",978
"LTA4H","ALOX5",978
"ALOX12","ALOX5",913
"ALOX12","ALOX5",913
"MMP2","EPHB2",930
"MMP2","EPHB2",930
"KIF11","EPHB2",833
"KIF11","EPHB2",833
"LCK","EPHB2",905
"LCK","EPHB2",905
"FYN","EPHB2",914
"FYN","EPHB2",914
"MMP9","EPHB2",931
"MMP9","EPHB2",931
"HDAC7","AR",951
"HDAC7","AR",951
"NR3C1","AR",930
"NR3C1","AR",930
"AHR","AR",908
"AHR","AR",908
"NR0B2","AR",849
"NR0B2","AR",849
"EP300","AR",997
"EP300","AR",997
"BRD4","AR",994
"BRD4","AR",994
"HDAC4","AR",706
"HDAC4","AR",706
"NCOR1","AR",998
"NCOR1","AR",998
"EGFR","AR",989
"EGFR","AR",989
"HDAC3","AR",861
"HDAC3","AR",861
"GSK3B","AR",966
"GSK3B","AR",966
"GNG2","AR",901
"GNG2","AR",901
"NR3C2","AR",728
"NR3C2","AR",728
"JUN","AR",962
"JUN","AR",962
"HDAC1","AR",958
"HDAC1","AR",958
"CFTR","PSMB9",903
"CFTR","PSMB9",903
"PSMA4","PSMB9",999
"PSMA4","PSMB9",999
"PSMA3","PSMB9",999
"PSMA3","PSMB9",999
"PSMA2","PSMB9",999
"PSMA2","PSMB9",999
"NFKB1","PSMB9",920
"NFKB1","PSMB9",920
"ODC1","PSMB9",909
"ODC1","PSMB9",909
"PSMB7","PSMB9",997
"PSMB7","PSMB9",997
"PSMA6","PSMB9",999
"PSMA6","PSMB9",999
"PSMB1","PSMB9",999
"PSMB1","PSMB9",999
"PSMB6","PSMB9",900
"PSMB6","PSMB9",900
"PSMA5","PSMB9",999
"PSMA5","PSMB9",999
"PSMB4","PSMB9",999
"PSMB4","PSMB9",999
"PSMA8","PSMB9",996
"PSMA8","PSMB9",996
"PSMB10","PSMB9",999
"PSMB10","PSMB9",999
"STAT1","PSMB9",752
"STAT1","PSMB9",752
"PSMB5","PSMB9",997
"PSMB5","PSMB9",997
"PSMA7","PSMB9",999
"PSMA7","PSMB9",999
"PSMB2","PSMB9",999
"PSMB2","PSMB9",999
"CFTR","PSMB8",906
"CFTR","PSMB8",906
"PSMA4","PSMB8",999
"PSMA4","PSMB8",999
"PSMA3","PSMB8",999
"PSMA3","PSMB8",999
"PSMA2","PSMB8",999
"PSMA2","PSMB8",999
"NFKB1","PSMB8",927
"NFKB1","PSMB8",927
"ODC1","PSMB8",907
"ODC1","PSMB8",907
"PSMB7","PSMB8",997
"PSMB7","PSMB8",997
"PSMA6","PSMB8",999
"PSMA6","PSMB8",999
"PSMB1","PSMB8",999
"PSMB1","PSMB8",999
"PSMB6","PSMB8",998
"PSMB6","PSMB8",998
"PSMA5","PSMB8",999
"PSMA5","PSMB8",999
"PSMB4","PSMB8",999
"PSMB4","PSMB8",999
"PSMA8","PSMB8",995
"PSMA8","PSMB8",995
"PSMB10","PSMB8",997
"PSMB10","PSMB8",997
"STAT1","PSMB8",971
"STAT1","PSMB8",971
"PSMB5","PSMB8",942
"PSMB5","PSMB8",942
"PSMA7","PSMB8",999
"PSMA7","PSMB8",999
"PSMB2","PSMB8",999
"PSMB2","PSMB8",999
"PSMB9","PSMB8",999
"PSMB9","PSMB8",999
"EDNRA","ECE1",763
"EDNRA","ECE1",763
"NR3C1","HSPA1A",910
"NR3C1","HSPA1A",910
"HSPE1","HSPA1A",723
"HSPE1","HSPA1A",723
"EP300","HSPA1A",912
"EP300","HSPA1A",912
"EGFR","HSPA1A",798
"EGFR","HSPA1A",798
"SNCA","HSPA1A",763
"SNCA","HSPA1A",763
"AR","HSPA1A",910
"AR","HSPA1A",910
"TNFRSF1A","SYK",720
"TNFRSF1A","SYK",720
"NFKB1","SYK",926
"NFKB1","SYK",926
"IL2","SYK",954
"IL2","SYK",954
"ICAM1","SYK",721
"ICAM1","SYK",721
"FOS","SYK",941
"FOS","SYK",941
"LCK","SYK",983
"LCK","SYK",983
"SNCA","SYK",924
"SNCA","SYK",924
"PTPN11","SYK",934
"PTPN11","SYK",934
"FYN","SYK",942
"FYN","SYK",942
"TLR9","SYK",813
"TLR9","SYK",813
"JUN","SYK",951
"JUN","SYK",951
"IDE","NPPA",835
"IDE","NPPA",835
"REN","NPPA",737
"REN","NPPA",737
"SLC1A1","SLC15A1",818
"SLC1A1","SLC15A1",818
"ACE","SLC15A1",775
"ACE","SLC15A1",775
"NOS3","EDNRB",776
"NOS3","EDNRB",776
"EDNRA","EDNRB",908
"EDNRA","EDNRB",908
"ECE1","EDNRB",766
"ECE1","EDNRB",766
"SLC15A1","SLC22A6",829
"SLC15A1","SLC22A6",829
"BCHE","MAOB",701
"BCHE","MAOB",701
"MAOA","MAOB",880
"MAOA","MAOB",880
"GLO1","MAOB",823
"GLO1","MAOB",823
"EP300","CA9",929
"EP300","CARBONIC ANHYDRASE IX",929
"EP300","CA9",929
"EP300","CARBONIC ANHYDRASE IX",929
"CA4","CA9",721
"CA4","CARBONIC ANHYDRASE IX",721
"CARBONIC ANHYDRASE IV","CA9",721
"CARBONIC ANHYDRASE IV","CARBONIC ANHYDRASE IX",721
"CA4","CA9",721
"CA4","CARBONIC ANHYDRASE IX",721
"CARBONIC ANHYDRASE IV","CA9",721
"CARBONIC ANHYDRASE IV","CARBONIC ANHYDRASE IX",721
"CDK4","PCNA",999
"CDK4","PCNA",999
"KIF11","PCNA",742
"KIF11","PCNA",742
"EP300","PCNA",932
"EP300","PCNA",932
"CDK2","PCNA",999
"CDK2","PCNA",999
"BLOOM SYNDROME PROTEIN","PCNA",963
"BLOOM SYNDROME PROTEIN","PCNA",963
"CYP26B1","CYP1A1",932
"CYP26B1","CYP1A1",932
"AHR","CYP1A1",993
"AHR","CYP1A1",993
"CBR1","CYP1A1",923
"CBR1","CYP1A1",923
"GSTM1","CYP1A1",954
"GSTM1","CYP1A1",954
"NQO1","CYP1A1",761
"NQO1","CYP1A1",761
"ALOX12","ALOX15B",912
"ALOX12","ALOX15B",912
"ALOX5","ALOX15B",911
"ALOX5","ALOX15B",911
"FOLH1","GRPR",724
"FOLH1","GRPR",724
"NMBR","GRPR",812
"NMBR","GRPR",812
"BRS3","GRPR",822
"BRS3","GRPR",822
"FYN","PTPRA",953
"FYN","PTPRA",953
"PTPRS","PTPRA",825
"PTPRS","PTPRA",825
"SPR","AKR1C3",915
"SPR","AKR1C3",915
"AKR1B1","AKR1C3",906
"ALDOSE REDUCTASE","AKR1C3",906
"AKR1B1","AKR1C3",906
"ALDOSE REDUCTASE","AKR1C3",906
"CBR1","AKR1C3",970
"CBR1","AKR1C3",970
"AKR1B10","AKR1C3",913
"AKR1B10","AKR1C3",913
"AR","AKR1C3",749
"AR","AKR1C3",749
"CYP1A1","AKR1C3",933
"CYP1A1","AKR1C3",933
"AKR1C4","AKR1C3",879
"AKR1C4","AKR1C3",879
"SPR","TH",968
"SPR","TH",968
"TYROSINASE","TH",943
"TYR","TH",943
"TYROSINASE","TH",943
"TYR","TH",943
"QDPR","TH",951
"QDPR","TH",951
"AKR1B1","TH",927
"ALDOSE REDUCTASE","TH",927
"AKR1B1","TH",927
"ALDOSE REDUCTASE","TH",927
"SLC18A2","TH",937
"SLC18A2","TH",937
"LRRK2","TH",752
"LRRK2","TH",752
"FOS","TH",803
"FOS","TH",803
"SNCA","TH",992
"SNCA","TH",992
"AKR1B10","TH",907
"AKR1B10","TH",907
"DRD2","TH",858
"DRD2","TH",858
"CDK4","RAD51",895
"CDK4","RAD51",895
"KIF11","RAD51",788
"KIF11","RAD51",788
"CDK2","RAD51",869
"CDK2","RAD51",869
"PRKDC","RAD51",776
"PRKDC","RAD51",776
"BLOOM SYNDROME PROTEIN","RAD51",999
"BLOOM SYNDROME PROTEIN","RAD51",999
"PCNA","RAD51",989
"PCNA","RAD51",989
"DRD4","DRD3",823
"DRD4","DRD3",823
"PSMA3","HSPD1",723
"PSMA3","HSPD1",723
"HSPE1","HSPD1",999
"HSPE1","HSPD1",999
"LY96","HSPD1",926
"LY96","HSPD1",926
"CA2","HSPD1",929
"CARBONIC ANHYDRASE II","HSPD1",929
"CA2","HSPD1",929
"CARBONIC ANHYDRASE II","HSPD1",929
"P4HB","HSPD1",816
"P4HB","HSPD1",816
"FYN","HSPD1",836
"FYN","HSPD1",836
"HSPA1A","HSPD1",839
"HSPA1A","HSPD1",839
"RAD51","HSPD1",730
"RAD51","HSPD1",730
"EPHA4","EPHA6",907
"EPHA4","EPHA6",907
"EPHA3","EPHA6",906
"EPHA3","EPHA6",906
"LCK","EPHA6",902
"LCK","EPHA6",902
"FYN","EPHA6",903
"FYN","EPHA6",903
"EPHA7","EPHA6",915
"EPHA7","EPHA6",915
"AKT3","AKT1S1",966
"AKT3","AKT1S1",966
"PPARG","AKT1S1",836
"PPARG","AKT1S1",836
"GSK3A","AKT2",934
"GSK3A","AKT2",934
"LNPEP","AKT2",928
"LNPEP","AKT2",928
"AKT3","AKT2",813
"AKT3","AKT2",813
"NOS3","AKT2",873
"NOS3","AKT2",873
"PRKDC","AKT2",938
"PRKDC","AKT2",938
"GSK3B","AKT2",979
"GSK3B","AKT2",979
"NOS2","AKT2",828
"NOS2","AKT2",828
"CASP9","AKT2",941
"CASP9","AKT2",941
"LCK","AKT2",732
"LCK","AKT2",732
"FYN","AKT2",758
"FYN","AKT2",758
"JUN","AKT2",904
"JUN","AKT2",904
"AKT1S1","AKT2",971
"AKT1S1","AKT2",971
"IL1B","CASP5",810
"IL1B","CASP5",810
"NFKB1","MAPK8",903
"NFKB1","MAPK8",903
"IL2","MAPK8",937
"IL2","MAPK8",937
"NR3C1","MAPK8",940
"NR3C1","MAPK8",940
"EP300","MAPK8",949
"EP300","MAPK8",949
"EGFR","MAPK8",731
"EGFR","MAPK8",731
"APP","MAPK8",954
"APP","MAPK8",954
"KIT","MAPK8",918
"KIT","MAPK8",918
"FOS","MAPK8",975
"FOS","MAPK8",975
"EDNRA","MAPK8",907
"EDNRA","MAPK8",907
"LCK","MAPK8",934
"LCK","MAPK8",934
"MAPT","MAPK8",967
"MAPT","MAPK8",967
"ESR2","MAPK8",843
"ESR2","MAPK8",843
"FYN","MAPK8",937
"FYN","MAPK8",937
"JUN","MAPK8",999
"JUN","MAPK8",999
"AR","MAPK8",925
"AR","MAPK8",925
"CFTR","CXCL12",907
"CFTR","CXCL12",907
"MMP2","CXCL12",764
"MMP2","CXCL12",764
"IL1B","CXCL12",741
"IL1B","CXCL12",741
"ICAM1","CXCL12",750
"ICAM1","CXCL12",750
"HTR2C","CXCL12",903
"HTR2C","CXCL12",903
"KIT","CXCL12",802
"KIT","CXCL12",802
"VCAM1","CXCL12",928
"VCAM1","CXCL12",928
"CXCL8","CXCL12",759
"CXCL8","CXCL12",759
"GNG2","CXCL12",905
"GNG2","CXCL12",905
"LCK","CXCL12",948
"LCK","CXCL12",948
"PTPN11","CXCL12",922
"PTPN11","CXCL12",922
"DPP4","CXCL12",886
"DPP4","CXCL12",886
"STAT1","CXCL12",936
"STAT1","CXCL12",936
"MMP9","CXCL12",710
"MMP9","CXCL12",710
"ESR2","CYP19A1",885
"ESR2","CYP19A1",885
"AR","CYP19A1",806
"AR","CYP19A1",806
"CYP1A1","CYP19A1",944
"CYP1A1","CYP19A1",944
"AKR1C3","CYP19A1",955
"AKR1C3","CYP19A1",955
"ALDH5A1","ABAT",996
"ALDH5A1","ABAT",996
"CSK","HLA-A",905
"CSK","HLA-A",905
"IL2","HLA-A",963
"IL2","HLA-A",963
"LCK","HLA-A",924
"LCK","HLA-A",924
"FYN","HLA-A",906
"FYN","HLA-A",906
"STAT1","HLA-A",937
"STAT1","HLA-A",937
"JUN","HLA-A",912
"JUN","HLA-A",912
"PSMB8","HLA-A",963
"PSMB8","HLA-A",963
"TTR","THRB",734
"TTR","THRB",734
"EP300","THRB",706
"EP300","THRB",706
"THRA","THRB",905
"THRA","THRB",905
"NCOR1","THRB",985
"NCOR1","THRB",985
"RARB","THRB",908
"RARB","THRB",908
"GCLC","NFE2L2",859
"GCLC","NFE2L2",859
"AHR","NFE2L2",724
"AHR","NFE2L2",724
"FOS","NFE2L2",945
"FOS","NFE2L2",945
"NQO1","NFE2L2",905
"NQO1","NFE2L2",905
"JUN","NFE2L2",999
"JUN","NFE2L2",999
"HDAC1","NFE2L2",894
"HDAC1","NFE2L2",894
"MMP2","EPHB1",904
"MMP2","EPHB1",904
"LCK","EPHB1",906
"LCK","EPHB1",906
"FYN","EPHB1",914
"FYN","EPHB1",914
"MMP9","EPHB1",906
"MMP9","EPHB1",906
"EPHB2","EPHB1",903
"EPHB2","EPHB1",903
"GCLC","CBS",756
"GCLC","CBS",756
"BHMT","CBS",983
"BHMT","CBS",983
"GCLC","CBS",756
"GCLC","CBS",756
"BHMT","CBS",839
"BHMT","CBS",839
"IMPDH2","CBS",703
"IMPDH2","CBS",703
"CBS","CBS",801
"CBS","CBS",801
"ABCG2","ABCC1",932
"ABCG2","ABCC1",932
"HDAC7","NCOR2",979
"HDAC7","NCOR2",979
"HDAC10","NCOR2",910
"HDAC10","NCOR2",910
"HDAC5","NCOR2",993
"HDAC5","NCOR2",993
"NR3C1","NCOR2",884
"NR3C1","NCOR2",884
"AHR","NCOR2",895
"AHR","NCOR2",895
"EP300","NCOR2",974
"EP300","NCOR2",974
"HDAC4","NCOR2",999
"HDAC4","NCOR2",999
"THRA","NCOR2",988
"THRA","NCOR2",988
"NCOR1","NCOR2",972
"NCOR1","NCOR2",972
"PPARG","NCOR2",999
"PPARG","NCOR2",999
"HDAC11","NCOR2",822
"HDAC11","NCOR2",822
"HDAC3","NCOR2",999
"HDAC3","NCOR2",999
"RARB","NCOR2",956
"RARB","NCOR2",956
"HDAC6","NCOR2",843
"HDAC6","NCOR2",843
"ESR2","NCOR2",915
"ESR2","NCOR2",915
"ESRRG","NCOR2",750
"ESRRG","NCOR2",750
"HDAC1","NCOR2",999
"HDAC1","NCOR2",999
"HDAC8","NCOR2",880
"HDAC8","NCOR2",880
"AR","NCOR2",998
"AR","NCOR2",998
"HLA-A","NCOR2",708
"HLA-A","NCOR2",708
"THRB","NCOR2",993
"THRB","NCOR2",993
"G6PC","PPARA",703
"G6PC","PPARA",703
"NR0B2","PPARA",962
"NR0B2","PPARA",962
"EP300","PPARA",998
"EP300","PPARA",998
"NCOR1","PPARA",999
"NCOR1","PPARA",999
"HMGCR","PPARA",966
"HMGCR","PPARA",966
"HDAC3","PPARA",737
"HDAC3","PPARA",737
"NOS2","PPARA",936
"NOS2","PPARA",936
"JUN","PPARA",996
"JUN","PPARA",996
"HSPA1A","PPARA",943
"HSPA1A","PPARA",943
"CYP1A1","PPARA",952
"CYP1A1","PPARA",952
"CXCL12","PPARA",921
"CXCL12","PPARA",921
"NCOR2","PPARA",999
"NCOR2","PPARA",999
"PRKCH","ADRA2C",723
"PRKCH","ADRA2C",723
"CFTR","PSMB11",902
"CFTR","PSMB11",902
"PSMA4","PSMB11",986
"PSMA4","PSMB11",986
"PSMA3","PSMB11",984
"PSMA3","PSMB11",984
"PSMA2","PSMB11",962
"PSMA2","PSMB11",962
"NFKB1","PSMB11",913
"NFKB1","PSMB11",913
"ODC1","PSMB11",909
"ODC1","PSMB11",909
"PSMB7","PSMB11",965
"PSMB7","PSMB11",965
"PSMA6","PSMB11",984
"PSMA6","PSMB11",984
"PSMB1","PSMB11",986
"PSMB1","PSMB11",986
"PSMB6","PSMB11",965
"PSMB6","PSMB11",965
"PSMA5","PSMB11",985
"PSMA5","PSMB11",985
"PSMB4","PSMB11",986
"PSMB4","PSMB11",986
"PSMA8","PSMB11",977
"PSMA8","PSMB11",977
"PSMB10","PSMB11",968
"PSMB10","PSMB11",968
"PSMB5","PSMB11",815
"PSMB5","PSMB11",815
"PSMA7","PSMB11",971
"PSMA7","PSMB11",971
"PSMB2","PSMB11",986
"PSMB2","PSMB11",986
"PSMB9","PSMB11",969
"PSMB9","PSMB11",969
"PSMB8","PSMB11",816
"PSMB8","PSMB11",816
"NR3C1","CREB1",907
"NR3C1","CREB1",907
"NR0B2","CREB1",799
"NR0B2","CREB1",799
"PRKX","CREB1",929
"PRKX","CREB1",929
"EP300","CREB1",999
"EP300","CREB1",999
"PRKCG","CREB1",716
"PRKCG","CREB1",716
"AKT3","CREB1",937
"AKT3","CREB1",937
"HDAC4","CREB1",773
"HDAC4","CREB1",773
"NCOR1","CREB1",930
"NCOR1","CREB1",930
"PPARG","CREB1",719
"PPARG","CREB1",719
"NOS3","CREB1",948
"NOS3","CREB1",948
"FOS","CREB1",990
"FOS","CREB1",990
"GSK3B","CREB1",961
"GSK3B","CREB1",961
"CAMK2D","CREB1",918
"CAMK2D","CREB1",918
"JUN","CREB1",998
"JUN","CREB1",998
"HDAC1","CREB1",963
"HDAC1","CREB1",963
"AR","CREB1",843
"AR","CREB1",843
"RPS6KA3","CREB1",976
"RPS6KA3","CREB1",976
"AKT2","CREB1",944
"AKT2","CREB1",944
"NFE2L2","CREB1",960
"NFE2L2","CREB1",960
"IL1B","CASP4",956
"IL1B","CASP4",956
"CASP5","CASP4",894
"CASP5","CASP4",894
"CDC25B","CHEK1",991
"CDC25B","CHEK1",991
"KIF11","CHEK1",893
"KIF11","CHEK1",893
"CDK2","CHEK1",882
"CDK2","CHEK1",882
"TERT","CHEK1",718
"TERT","CHEK1",718
"PRKDC","CHEK1",932
"PRKDC","CHEK1",932
"BLOOM SYNDROME PROTEIN","CHEK1",993
"BLOOM SYNDROME PROTEIN","CHEK1",993
"MDM4","CHEK1",739
"MDM4","CHEK1",739
"XIAP","CHEK1",776
"XIAP","CHEK1",776
"PCNA","CHEK1",835
"PCNA","CHEK1",835
"RAD51","CHEK1",999
"RAD51","CHEK1",999
"REN","ACE2",966
"REN","ACE2",966
"ANPEP","ACE2",710
"ANPEP","ACE2",710
"CALM1","ACE2",785
"CALM1","ACE2",785
"DPP4","ACE2",980
"DPP4","ACE2",980
"SLC15A1","ACE2",733
"SLC15A1","ACE2",733
"IL2","JAK3",995
"IL2","JAK3",995
"EGFR","JAK3",870
"EGFR","JAK3",870
"PTPN2","JAK3",971
"PTPN2","JAK3",971
"LCK","JAK3",940
"LCK","JAK3",940
"PTPN11","JAK3",966
"PTPN11","JAK3",966
"FYN","JAK3",918
"FYN","JAK3",918
"STAT1","JAK3",982
"STAT1","JAK3",982
"SYK","JAK3",923
"SYK","JAK3",923
"MAPK8","JAK3",925
"MAPK8","JAK3",925
"GABRB2","GABRA1",971
"GABRB2","GABRA1",971
"GABRB1","GABRA1",935
"GABRB1","GABRA1",935
"PRKCG","PRKD2",819
"PRKCG","PRKD2",819
"NFKB1","MAPK9",869
"NFKB1","MAPK9",869
"IL2","MAPK9",922
"IL2","MAPK9",922
"NR3C1","MAPK9",913
"NR3C1","MAPK9",913
"EGFR","MAPK9",704
"EGFR","MAPK9",704
"APP","MAPK9",939
"APP","MAPK9",939
"FOS","MAPK9",932
"FOS","MAPK9",932
"LCK","MAPK9",931
"LCK","MAPK9",931
"ESR2","MAPK9",811
"ESR2","MAPK9",811
"JUN","MAPK9",999
"JUN","MAPK9",999
"MAPK8","MAPK9",980
"MAPK8","MAPK9",980
"JAK3","MAPK9",919
"JAK3","MAPK9",919
"PRKCG","OPRM1",761
"PRKCG","OPRM1",761
"HDAC1","OPRM1",915
"HDAC1","OPRM1",915
"GRIK5","GRIK2",975
"GRIK5","GRIK2",975
"GRIA2","GRIK2",733
"GRIA2","GRIK2",733
"GRIK1","GRIK2",841
"GRIK1","GRIK2",841
"CSK","RHOA",949
"CSK","RHOA",949
"IL2","RHOA",929
"IL2","RHOA",929
"CAPNS1","RHOA",919
"CAPNS1","RHOA",919
"CDK2","RHOA",955
"CDK2","RHOA",955
"EGFR","RHOA",968
"EGFR","RHOA",968
"EPHA1","RHOA",961
"EPHA1","RHOA",961
"EPHA4","RHOA",955
"EPHA4","RHOA",955
"LY96","RHOA",907
"LY96","RHOA",907
"ACE","RHOA",963
"ACE","RHOA",963
"LRRK2","RHOA",794
"LRRK2","RHOA",794
"EDNRA","RHOA",932
"EDNRA","RHOA",932
"GNG2","RHOA",766
"GNG2","RHOA",766
"EPHA3","RHOA",935
"EPHA3","RHOA",935
"LCK","RHOA",943
"LCK","RHOA",943
"PTPN11","RHOA",954
"PTPN11","RHOA",954
"FYN","RHOA",969
"FYN","RHOA",969
"EPHA7","RHOA",931
"EPHA7","RHOA",931
"PTPN1","RHOA",934
"PTPN1","RHOA",934
"SYK","RHOA",822
"SYK","RHOA",822
"EPHA6","RHOA",920
"EPHA6","RHOA",920
"MAPK8","RHOA",986
"MAPK8","RHOA",986
"JAK3","RHOA",925
"JAK3","RHOA",925
"MAPK9","RHOA",878
"MAPK9","RHOA",878
"TNFRSF1A","ERN1",709
"TNFRSF1A","ERN1",709
"SIGMAR1","ERN1",796
"SIGMAR1","ERN1",796
"P4HB","ERN1",784
"P4HB","ERN1",784
"JUN","ERN1",794
"JUN","ERN1",794
"HSPA1A","ERN1",886
"HSPA1A","ERN1",886
"HDAC7","ESR1",960
"HDAC7","ESTROGEN RECEPTOR ALPHA",960
"HDAC7","ESR1",960
"HDAC7","ESTROGEN RECEPTOR ALPHA",960
"NFKB1","ESR1",839
"NFKB1","ESTROGEN RECEPTOR ALPHA",839
"NFKB1","ESR1",839
"NFKB1","ESTROGEN RECEPTOR ALPHA",839
"NR3C1","ESR1",930
"NR3C1","ESTROGEN RECEPTOR ALPHA",930
"NR3C1","ESR1",930
"NR3C1","ESTROGEN RECEPTOR ALPHA",930
"AHR","ESR1",998
"AHR","ESTROGEN RECEPTOR ALPHA",998
"AHR","ESR1",998
"AHR","ESTROGEN RECEPTOR ALPHA",998
"NR0B2","ESR1",980
"NR0B2","ESTROGEN RECEPTOR ALPHA",980
"NR0B2","ESR1",980
"NR0B2","ESTROGEN RECEPTOR ALPHA",980
"EP300","ESR1",999
"EP300","ESTROGEN RECEPTOR ALPHA",999
"EP300","ESR1",999
"EP300","ESTROGEN RECEPTOR ALPHA",999
"IL1B","ESR1",729
"IL1B","ESTROGEN RECEPTOR ALPHA",729
"IL1B","ESR1",729
"IL1B","ESTROGEN RECEPTOR ALPHA",729
"HDAC4","ESR1",983
"HDAC4","ESTROGEN RECEPTOR ALPHA",983
"HDAC4","ESR1",983
"HDAC4","ESTROGEN RECEPTOR ALPHA",983
"CDK2","ESR1",715
"CDK2","ESTROGEN RECEPTOR ALPHA",715
"CDK2","ESR1",715
"CDK2","ESTROGEN RECEPTOR ALPHA",715
"NCOR1","ESR1",999
"NCOR1","ESTROGEN RECEPTOR ALPHA",999
"NCOR1","ESR1",999
"NCOR1","ESTROGEN RECEPTOR ALPHA",999
"EGFR","ESR1",996
"EGFR","ESTROGEN RECEPTOR ALPHA",996
"EGFR","ESR1",996
"EGFR","ESTROGEN RECEPTOR ALPHA",996
"NOS3","ESR1",998
"NOS3","ESTROGEN RECEPTOR ALPHA",998
"NOS3","ESR1",998
"NOS3","ESTROGEN RECEPTOR ALPHA",998
"HDAC3","ESR1",782
"HDAC3","ESTROGEN RECEPTOR ALPHA",782
"HDAC3","ESR1",782
"HDAC3","ESTROGEN RECEPTOR ALPHA",782
"FOS","ESR1",998
"FOS","ESTROGEN RECEPTOR ALPHA",998
"FOS","ESR1",998
"FOS","ESTROGEN RECEPTOR ALPHA",998
"TERT","ESR1",949
"TERT","ESTROGEN RECEPTOR ALPHA",949
"TERT","ESR1",949
"TERT","ESTROGEN RECEPTOR ALPHA",949
"P4HB","ESR1",891
"P4HB","ESTROGEN RECEPTOR ALPHA",891
"P4HB","ESR1",891
"P4HB","ESTROGEN RECEPTOR ALPHA",891
"GNG2","ESR1",900
"GNG2","ESTROGEN RECEPTOR ALPHA",900
"GNG2","ESR1",900
"GNG2","ESTROGEN RECEPTOR ALPHA",900
"PTPN11","ESR1",900
"PTPN11","ESTROGEN RECEPTOR ALPHA",900
"PTPN11","ESR1",900
"PTPN11","ESTROGEN RECEPTOR ALPHA",900
"ESR2","ESR1",987
"ESR2","ESTROGEN RECEPTOR ALPHA",987
"ESR2","ESR1",987
"ESR2","ESTROGEN RECEPTOR ALPHA",987
"CALM1","ESR1",925
"CALM1","ESTROGEN RECEPTOR ALPHA",925
"CALM1","ESR1",925
"CALM1","ESTROGEN RECEPTOR ALPHA",925
"STAT1","ESR1",832
"STAT1","ESTROGEN RECEPTOR ALPHA",832
"STAT1","ESR1",832
"STAT1","ESTROGEN RECEPTOR ALPHA",832
"JUN","ESR1",999
"JUN","ESTROGEN RECEPTOR ALPHA",999
"JUN","ESR1",999
"JUN","ESTROGEN RECEPTOR ALPHA",999
"HDAC1","ESR1",999
"HDAC1","ESTROGEN RECEPTOR ALPHA",999
"HDAC1","ESR1",999
"HDAC1","ESTROGEN RECEPTOR ALPHA",999
"PCNA","ESR1",908
"PCNA","ESTROGEN RECEPTOR ALPHA",908
"PCNA","ESR1",908
"PCNA","ESTROGEN RECEPTOR ALPHA",908
"RPS6KA3","ESR1",840
"RPS6KA3","ESTROGEN RECEPTOR ALPHA",840
"RPS6KA3","ESR1",840
"RPS6KA3","ESTROGEN RECEPTOR ALPHA",840
"AKT2","ESR1",710
"AKT2","ESTROGEN RECEPTOR ALPHA",710
"AKT2","ESR1",710
"AKT2","ESTROGEN RECEPTOR ALPHA",710
"MAPK8","ESR1",886
"MAPK8","ESTROGEN RECEPTOR ALPHA",886
"MAPK8","ESR1",886
"MAPK8","ESTROGEN RECEPTOR ALPHA",886
"CXCL12","ESR1",948
"CXCL12","ESTROGEN RECEPTOR ALPHA",948
"CXCL12","ESR1",948
"CXCL12","ESTROGEN RECEPTOR ALPHA",948
"CYP19A1","ESR1",922
"CYP19A1","ESTROGEN RECEPTOR ALPHA",922
"CYP19A1","ESR1",922
"CYP19A1","ESTROGEN RECEPTOR ALPHA",922
"NCOR2","ESR1",999
"NCOR2","ESTROGEN RECEPTOR ALPHA",999
"NCOR2","ESR1",999
"NCOR2","ESTROGEN RECEPTOR ALPHA",999
"CREB1","ESR1",858
"CREB1","ESTROGEN RECEPTOR ALPHA",858
"CREB1","ESR1",858
"CREB1","ESTROGEN RECEPTOR ALPHA",858
"MAPK9","ESR1",851
"MAPK9","ESTROGEN RECEPTOR ALPHA",851
"MAPK9","ESR1",851
"MAPK9","ESTROGEN RECEPTOR ALPHA",851
"EP300","HDAC9",916
"EP300","HDAC9",916
"NCOR1","HDAC9",987
"NCOR1","HDAC9",987
"HDAC3","HDAC9",837
"HDAC3","HDAC9",837
"HDAC1","HDAC9",949
"HDAC1","HDAC9",949
"NCOR2","HDAC9",881
"NCOR2","HDAC9",881
"GABRB2","GABRG2",909
"GABRB2","GABRG2",909
"GABRB1","GABRG2",860
"GABRB1","GABRG2",860
"GRIA2","GABRG2",738
"GRIA2","GABRG2",738
"GABRA1","GABRG2",987
"GABRA1","GABRG2",987
"CFTR","PSMA1",903
"CFTR","PSMA1",903
"PSMA4","PSMA1",999
"PSMA4","PSMA1",999
"PSMA3","PSMA1",999
"PSMA3","PSMA1",999
"PSMA2","PSMA1",999
"PSMA2","PSMA1",999
"NFKB1","PSMA1",934
"NFKB1","PSMA1",934
"ODC1","PSMA1",900
"ODC1","PSMA1",900
"FOLH1","PSMA1",762
"FOLH1","PSMA1",762
"PSMB7","PSMA1",999
"PSMB7","PSMA1",999
"PSMA6","PSMA1",999
"PSMA6","PSMA1",999
"PSMB1","PSMA1",999
"PSMB1","PSMA1",999
"PSMB6","PSMA1",999
"PSMB6","PSMA1",999
"PSMA5","PSMA1",999
"PSMA5","PSMA1",999
"PSMB4","PSMA1",999
"PSMB4","PSMA1",999
"PSMA8","PSMA1",997
"PSMA8","PSMA1",997
"RUVBL1","PSMA1",709
"RUVBL1","PSMA1",709
"PSMB10","PSMA1",999
"PSMB10","PSMA1",999
"PSMB5","PSMA1",999
"PSMB5","PSMA1",999
"PSMA7","PSMA1",999
"PSMA7","PSMA1",999
"PSMB2","PSMA1",999
"PSMB2","PSMA1",999
"PSMB9","PSMA1",999
"PSMB9","PSMA1",999
"PSMB8","PSMA1",999
"PSMB8","PSMA1",999
"PSMB11","PSMA1",982
"PSMB11","PSMA1",982
"CPA1","CPB1",843
"CPA1","CPB1",843
"CPB2","CPB1",825
"CPB2","CPB1",825
"CTRB1","CPB1",838
"CTRB1","CPB1",838
"IDE","MME",897
"IDE","MME",897
"REN","MME",730
"REN","MME",730
"APP","MME",792
"APP","MME",792
"KIT","MME",731
"KIT","MME",731
"ACE","MME",865
"ACE","MME",865
"ANPEP","MME",901
"ANPEP","MME",901
"BACE1","MME",728
"BACE1","MME",728
"DPP4","MME",932
"DPP4","MME",932
"NPPA","MME",764
"NPPA","MME",764
"ACE2","MME",960
"ACE2","MME",960
"MTNR1B","ADCY5",773
"MTNR1B","ADCY5",773
"EDNRA","ADCY5",909
"EDNRA","ADCY5",909
"PDE5A","ADCY5",798
"PDE5A","ADCY5",798
"BRD4","BRD9",809
"BRD4","BRD9",809
"FYN","CASR",913
"FYN","CASR",913
"TAS2R31","CASR",709
"TAS2R31","CASR",709
"PRKCG","GRIA1",964
"PRKCG","GRIA1",964
"SLC1A2","GRIA1",760
"SLC1A2","GRIA1",760
"GRIA4","GRIA1",844
"GRIA4","GRIA1",844
"GRIA2","GRIA1",998
"GRIA2","GRIA1",998
"CAMK2D","GRIA1",928
"CAMK2D","GRIA1",928
"GRIK2","GRIA1",796
"GRIK2","GRIA1",796
"GABRG2","GRIA1",700
"GABRG2","GRIA1",700
"HDAC7","HDAC2",856
"HDAC7","HDAC2",856
"CBX7","HDAC2",997
"CBX7","HDAC2",997
"HDAC10","HDAC2",737
"HDAC10","HDAC2",737
"HDAC5","HDAC2",955
"HDAC5","HDAC2",955
"NFKB1","HDAC2",952
"NFKB1","HDAC2",952
"NR3C1","HDAC2",981
"NR3C1","HDAC2",981
"EP300","HDAC2",996
"EP300","HDAC2",996
"THRA","HDAC2",702
"THRA","HDAC2",702
"USP4","HDAC2",708
"USP4","HDAC2",708
"NCOR1","HDAC2",995
"NCOR1","HDAC2",995
"CBX4","HDAC2",935
"CBX4","HDAC2",935
"PPARG","HDAC2",789
"PPARG","HDAC2",789
"GRIA2","HDAC2",917
"GRIA2","HDAC2",917
"HDAC3","HDAC2",840
"HDAC3","HDAC2",840
"CTBP2","HDAC2",951
"CTBP2","HDAC2",951
"KDM5B","HDAC2",747
"KDM5B","HDAC2",747
"JUN","HDAC2",867
"JUN","HDAC2",867
"HDAC1","HDAC2",999
"HDAC1","HDAC2",999
"AR","HDAC2",709
"AR","HDAC2",709
"THRB","HDAC2",725
"THRB","HDAC2",725
"NCOR2","HDAC2",992
"NCOR2","HDAC2",992
"CREB1","HDAC2",762
"CREB1","HDAC2",762
"OPRM1","HDAC2",915
"OPRM1","HDAC2",915
"ESR1","HDAC2",766
"ESTROGEN RECEPTOR ALPHA","HDAC2",766
"ESR1","HDAC2",766
"ESTROGEN RECEPTOR ALPHA","HDAC2",766
"AHR","IDO1",857
"AHR","IDO1",857
"TPH1","IDO1",942
"TPH1","IDO1",942
"NR0B2","IDO1",741
"NR0B2","IDO1",741
"KYNU","IDO1",969
"KYNU","IDO1",969
"TPH2","IDO1",917
"TPH2","IDO1",917
"MAOA","IDO1",914
"MAOA","IDO1",914
"PTPN11","IDO1",804
"PTPN11","IDO1",804
"KMO","IDO1",715
"KMO","IDO1",715
"MAOB","IDO1",905
"MAOB","IDO1",905
"CYP1A1","IDO1",931
"CYP1A1","IDO1",931
"APP","NTRK1",954
"APP","NTRK1",954
"PTPN11","NTRK1",973
"PTPN11","NTRK1",973
"MMP9","NTRK1",814
"MMP9","NTRK1",814
"RHOA","NTRK1",950
"RHOA","NTRK1",950
"CSK","CAPN1",909
"CSK","CAPN1",909
"CAPNS1","CAPN1",988
"CAPNS1","CAPN1",988
"APP","CAPN1",748
"APP","CAPN1",748
"CAPN2","CAPN1",838
"CAPN2","CAPN1",838
"SNCA","CAPN1",922
"SNCA","CAPN1",922
"PTPN1","CAPN1",963
"PTPN1","CAPN1",963
"RHOA","CAPN1",927
"RHOA","CAPN1",927
"DPP4","NAALAD2",783
"DPP4","NAALAD2",783
"IL1B","CASP1",999
"IL1B","CASP1",999
"CXCL8","CASP1",722
"CXCL8","CASP1",722
"ESR2","CASP1",725
"ESR2","CASP1",725
"CTSB","CASP1",766
"CTSB","CASP1",766
"TLR9","CASP1",727
"TLR9","CASP1",727
"XIAP","CASP1",712
"XIAP","CASP1",712
"SYK","CASP1",715
"SYK","CASP1",715
"CASP5","CASP1",937
"CASP5","CASP1",937
"CASP4","CASP1",965
"CASP4","CASP1",965
"RHOA","CASP1",930
"RHOA","CASP1",930
"CXCL12","GRK6",928
"CXCL12","GRK6",928
"OPRM1","GRK6",892
"OPRM1","GRK6",892
"TPH1","HTR2A",806
"TPH1","HTR2A",806
"HTR2B","HTR2A",868
"HTR2B","HTR2A",868
"HTR2C","HTR2A",928
"HTR2C","HTR2A",928
"MAOA","HTR2A",782
"MAOA","HTR2A",782
"GRM6","GRM4",829
"GRM6","GRM4",829
"HTR1A","GRM4",796
"HTR1A","GRM4",796
"GRM8","GRM4",835
"GRM8","GRM4",835
"CFTR","LPAR2",776
"CFTR","LPAR2",776
"NFKB1","LPAR2",902
"NFKB1","LPAR2",902
"EGFR","LPAR2",917
"EGFR","LPAR2",917
"FOS","LPAR2",911
"FOS","LPAR2",911
"CXCL8","LPAR2",929
"CXCL8","LPAR2",929
"GNG2","LPAR2",800
"GNG2","LPAR2",800
"JUN","LPAR2",914
"JUN","LPAR2",914
"RHOA","LPAR2",944
"RHOA","LPAR2",944
"HCAR2","GPR84",723
"HCAR2","GPR84",723
"PDGFRB","PGF",782
"PDGFRB","PGF",782
"EGFR","PGF",774
"EGFR","PGF",774
"KIT","PGF",792
"KIT","PGF",792
"NTRK1","PGF",952
"NTRK1","PGF",952
"TYROSINASE","MC1R",867
"TYR","MC1R",867
"TYROSINASE","MC1R",867
"TYR","MC1R",867
"KIT","MC1R",764
"KIT","MC1R",764
"MMP2","AKT1",772
"MMP2","AKT1",772
"GSK3A","AKT1",992
"GSK3A","AKT1",992
"NFKB1","AKT1",958
"NFKB1","AKT1",958
"IL2","AKT1",966
"IL2","AKT1",966
"LNPEP","AKT1",926
"LNPEP","AKT1",926
"G6PC","AKT1",703
"G6PC","AKT1",703
"PDGFRB","AKT1",937
"PDGFRB","AKT1",937
"EP300","AKT1",998
"EP300","AKT1",998
"NOX4","AKT1",783
"NOX4","AKT1",783
"IL1B","AKT1",777
"IL1B","AKT1",777
"AKT3","AKT1",822
"AKT3","AKT1",822
"EGFR","AKT1",794
"EGFR","AKT1",794
"PPARG","AKT1",846
"PPARG","AKT1",846
"KIT","AKT1",758
"KIT","AKT1",758
"NOS3","AKT1",999
"NOS3","AKT1",999
"FOS","AKT1",711
"FOS","AKT1",711
"CXCL8","AKT1",714
"CXCL8","AKT1",714
"TERT","AKT1",993
"TERT","AKT1",993
"PRKDC","AKT1",998
"PRKDC","AKT1",998
"EDNRA","AKT1",937
"EDNRA","AKT1",937
"GSK3B","AKT1",996
"GSK3B","AKT1",996
"NOS2","AKT1",965
"NOS2","AKT1",965
"CASP9","AKT1",984
"CASP9","AKT1",984
"RARB","AKT1",921
"RARB","AKT1",921
"HDAC6","AKT1",704
"HDAC6","AKT1",704
"LCK","AKT1",939
"LCK","AKT1",939
"MAPT","AKT1",858
"MAPT","AKT1",858
"PTPN11","AKT1",978
"PTPN11","AKT1",978
"ESR2","AKT1",872
"ESR2","AKT1",872
"FYN","AKT1",819
"FYN","AKT1",819
"STAT1","AKT1",977
"STAT1","AKT1",977
"XIAP","AKT1",955
"XIAP","AKT1",955
"JUN","AKT1",974
"JUN","AKT1",974
"PTPN1","AKT1",975
"PTPN1","AKT1",975
"MMP9","AKT1",815
"MMP9","AKT1",815
"AR","AKT1",979
"AR","AKT1",979
"AKT1S1","AKT1",992
"AKT1S1","AKT1",992
"AKT2","AKT1",974
"AKT2","AKT1",974
"CXCL12","AKT1",709
"CXCL12","AKT1",709
"NFE2L2","AKT1",776
"NFE2L2","AKT1",776
"NCOR2","AKT1",953
"NCOR2","AKT1",953
"CREB1","AKT1",986
"CREB1","AKT1",986
"JAK3","AKT1",925
"JAK3","AKT1",925
"RHOA","AKT1",995
"RHOA","AKT1",995
"ESR1","AKT1",985
"ESTROGEN RECEPTOR ALPHA","AKT1",985
"ESR1","AKT1",985
"ESTROGEN RECEPTOR ALPHA","AKT1",985
"ADCY5","AKT1",700
"ADCY5","AKT1",700
"ALOX12","ALOX15",905
"ALOX12","ALOX15",905
"PPARG","ALOX15",763
"PPARG","ALOX15",763
"ALOX5","ALOX15",912
"ALOX5","ALOX15",912
"ALOX15B","ALOX15",912
"ALOX15B","ALOX15",912
"APP","FPR2",717
"APP","FPR2",717
"GNG2","FPR2",800
"GNG2","FPR2",800
"HTR2C","FPR1",900
"HTR2C","FPR1",900
"CXCL12","FPR1",927
"CXCL12","FPR1",927
"FPR2","FPR1",967
"FPR2","FPR1",967
"ARG2","NOS1",968
"ARG2","NOS1",968
"AKT3","NOS1",815
"AKT3","NOS1",815
"NOS3","NOS1",810
"NOS3","NOS1",810
"NOS2","NOS1",833
"NOS2","NOS1",833
"CAMK2D","NOS1",803
"CAMK2D","NOS1",803
"ARG1","NOS1",965
"ARG1","NOS1",965
"CALM1","NOS1",948
"CALM1","NOS1",948
"AKT2","NOS1",823
"AKT2","NOS1",823
"AKT1","NOS1",918
"AKT1","NOS1",918
"EP300","ABCB1",917
"EP300","ABCB1",917
"MAPK8","ABCB1",918
"MAPK8","ABCB1",918
"MYOC","CYP1B1",822
"MYOC","CYP1B1",822
"AHR","CYP1B1",924
"AHR","CYP1B1",924
"GSTM1","CYP1B1",886
"GSTM1","CYP1B1",886
"CYP1A1","CYP1B1",934
"CYP1A1","CYP1B1",934
"AKR1C3","CYP1B1",936
"AKR1C3","CYP1B1",936
"IDO1","CYP1B1",927
"IDO1","CYP1B1",927
"MMP2","VEGFA",984
"MMP2","VEGFA",984
"CSK","VEGFA",933
"CSK","VEGFA",933
"IL2","VEGFA",753
"IL2","VEGFA",753
"PDGFRB","VEGFA",947
"PDGFRB","VEGFA",947
"EP300","VEGFA",972
"EP300","VEGFA",972
"IL1B","VEGFA",857
"IL1B","VEGFA",857
"ICAM1","VEGFA",763
"ICAM1","VEGFA",763
"REN","VEGFA",711
"REN","VEGFA",711
"EGFR","VEGFA",944
"EGFR","VEGFA",944
"KIT","VEGFA",902
"KIT","VEGFA",902
"VCAM1","VEGFA",761
"VCAM1","VEGFA",761
"NOS3","VEGFA",985
"NOS3","VEGFA",985
"MMP3","VEGFA",965
"MMP3","VEGFA",965
"CXCL8","VEGFA",879
"CXCL8","VEGFA",879
"PTPN2","VEGFA",914
"PTPN2","VEGFA",914
"MMP1","VEGFA",967
"MMP1","VEGFA",967
"PTPN11","VEGFA",951
"PTPN11","VEGFA",951
"FYN","VEGFA",938
"FYN","VEGFA",938
"JUN","VEGFA",972
"JUN","VEGFA",972
"MMP9","VEGFA",987
"MMP9","VEGFA",987
"CA9","VEGFA",732
"CARBONIC ANHYDRASE IX","VEGFA",732
"CA9","VEGFA",732
"CARBONIC ANHYDRASE IX","VEGFA",732
"CXCL12","VEGFA",849
"CXCL12","VEGFA",849
"CREB1","VEGFA",965
"CREB1","VEGFA",965
"RHOA","VEGFA",963
"RHOA","VEGFA",963
"NTRK1","VEGFA",994
"NTRK1","VEGFA",994
"PGF","VEGFA",984
"PGF","VEGFA",984
"AKT1","VEGFA",896
"AKT1","VEGFA",896
"EPHA4","EPHA5",907
"EPHA4","EPHA5",907
"EPHA3","EPHA5",905
"EPHA3","EPHA5",905
"LCK","EPHA5",903
"LCK","EPHA5",903
"FYN","EPHA5",911
"FYN","EPHA5",911
"EPHA7","EPHA5",909
"EPHA7","EPHA5",909
"EPHA6","EPHA5",914
"EPHA6","EPHA5",914
"RHOA","EPHA5",926
"RHOA","EPHA5",926
"PRKCG","GRIA3",924
"PRKCG","GRIA3",924
"GRIA4","GRIA3",819
"GRIA4","GRIA3",819
"GRIA2","GRIA3",995
"GRIA2","GRIA3",995
"CAMK2D","GRIA3",925
"CAMK2D","GRIA3",925
"GRIA1","GRIA3",960
"GRIA1","GRIA3",960
"CFTR","GNB1",901
"CFTR","GNB1",901
"HDAC5","GNB1",927
"HDAC5","GNB1",927
"MTNR1B","GNB1",784
"MTNR1B","GNB1",784
"PRKCG","GNB1",707
"PRKCG","GNB1",707
"HTR2C","GNB1",912
"HTR2C","GNB1",912
"NOS3","GNB1",903
"NOS3","GNB1",903
"MTNR1A","GNB1",808
"MTNR1A","GNB1",808
"CXCL8","GNB1",980
"CXCL8","GNB1",980
"PRKCH","GNB1",700
"PRKCH","GNB1",700
"GNG2","GNB1",999
"GNG2","GNB1",999
"LCK","GNB1",902
"LCK","GNB1",902
"PTPN11","GNB1",912
"PTPN11","GNB1",912
"ESR2","GNB1",905
"ESR2","GNB1",905
"ADORA1","GNB1",824
"ADORA1","GNB1",824
"HTR1B","GNB1",980
"HTR1B","GNB1",980
"NTSR1","GNB1",825
"NTSR1","GNB1",825
"AR","GNB1",900
"AR","GNB1",900
"AKT2","GNB1",751
"AKT2","GNB1",751
"CXCL12","GNB1",900
"CXCL12","GNB1",900
"RHOA","GNB1",833
"RHOA","GNB1",833
"ESR1","GNB1",926
"ESTROGEN RECEPTOR ALPHA","GNB1",926
"ESR1","GNB1",926
"ESTROGEN RECEPTOR ALPHA","GNB1",926
"LPAR2","GNB1",835
"LPAR2","GNB1",835
"AKT1","GNB1",957
"AKT1","GNB1",957
"FPR2","GNB1",824
"FPR2","GNB1",824
"FPR1","GNB1",914
"FPR1","GNB1",914
"MMP2","EPHB6",904
"MMP2","EPHB6",904
"MMP9","EPHB6",902
"MMP9","EPHB6",902
"CFTR","PSMB3",914
"CFTR","PSMB3",914
"PSMA4","PSMB3",999
"PSMA4","PSMB3",999
"PSMA3","PSMB3",999
"PSMA3","PSMB3",999
"PSMA2","PSMB3",999
"PSMA2","PSMB3",999
"NFKB1","PSMB3",936
"NFKB1","PSMB3",936
"ODC1","PSMB3",900
"ODC1","PSMB3",900
"PSMB7","PSMB3",999
"PSMB7","PSMB3",999
"PSMA6","PSMB3",999
"PSMA6","PSMB3",999
"PSMB1","PSMB3",999
"PSMB1","PSMB3",999
"PSMB6","PSMB3",999
"PSMB6","PSMB3",999
"PSMA5","PSMB3",999
"PSMA5","PSMB3",999
"PSMB4","PSMB3",999
"PSMB4","PSMB3",999
"PSMA8","PSMB3",999
"PSMA8","PSMB3",999
"PSMB10","PSMB3",999
"PSMB10","PSMB3",999
"PSMB5","PSMB3",999
"PSMB5","PSMB3",999
"PSMA7","PSMB3",999
"PSMA7","PSMB3",999
"PSMB2","PSMB3",999
"PSMB2","PSMB3",999
"PSMB9","PSMB3",999
"PSMB9","PSMB3",999
"PSMB8","PSMB3",999
"PSMB8","PSMB3",999
"PSMB11","PSMB3",984
"PSMB11","PSMB3",984
"PSMA1","PSMB3",999
"PSMA1","PSMB3",999
